id,latitude,longitude
f1/53/233371247.jpg,58.369497,-134.364595
13/83/532677873.jpg,40.86503,-73.931829
a9/c9/6182760080.jpg,52.500439,13.452898
38/e2/6343684939.jpg,40.71455,-74.007118
a9/f9/8743587878.jpg,37.788735,-122.404796
6a/98/3161959577.jpg,36.563026,-118.279092
db/6d/9491206828.jpg,46.604375,-87.455415
18/aa/6327417800.jpg,38.984409,-3.93017
ea/71/5771964509.jpg,9.818682,-84.001121
11/db/4301950306.jpg,59.940578,30.311719
64/27/437262316.jpg,32.712217,-117.164511
37/43/109465483.jpg,37.773114,-122.451993
e2/d1/2447907491.jpg,33.678532,-116.227498
b9/74/8241781126.jpg,32.602519,-115.389602
b5/1b/3541459643.jpg,15.865085,-61.584634
aa/90/3838663308.jpg,31.75386,35.216674
33/6a/6955557756.jpg,49.8816,8.646386
47/af/8679524601.jpg,48.85959,2.402857
d5/d2/5680239165.jpg,51.5955,-0.232667
be/90/34874422.jpg,48.763883,21.639976
01/2e/13222968463.jpg,52.369677,-2.703951
9d/99/526462604.jpg,57.176935,10.436882
3f/9f/5932134908.jpg,40.569333,-105.075833
a4/08/239139970.jpg,-37.244814,144.45013
3b/cc/3493148593.jpg,29.303465,-94.79227
37/df/2770891187.jpg,37.349102,-5.993267
df/28/2969568997.jpg,28.02278,-15.646998
58/ed/3201920681.jpg,-34.865757,-58.074653
7d/ee/9330244602.jpg,45.477706,9.123458
76/7e/616899334.jpg,39.300299,139.921875
7f/7d/6156088799.jpg,59.451444,24.739608
1a/27/8105753613.jpg,52.36708,4.876166
7f/8f/4592632.jpg,33.510784,-112.028869
8a/17/9714349694.jpg,49.572744,15.739411
f9/48/5898077794.jpg,49.433305,11.123914
c9/c7/831871784.jpg,53.465326,-2.685406
5f/8b/6333269550.jpg,45.525667,-73.5825
dc/ee/13563502385.jpg,37.535024,126.994689
e5/bf/4838929693.jpg,40.81853,-96.7052
48/30/7112534053.jpg,45.739105,7.338438
84/50/5888961560.jpg,51.510093,-0.135624
7c/ec/6098551601.jpg,42.497222,-87.951423
28/c1/8641681497.jpg,41.408055,2.150315
bb/15/5982402731.jpg,34.026603,-118.379507
17/b0/8922460214.jpg,37.98548,23.722727
7a/34/5749622427.jpg,34.101944,-118.376945
0b/7a/8625746987.jpg,37.806851,-122.474368
84/80/6881716776.jpg,43.269167,-2.926429
82/c2/4303834150.jpg,50.085344,14.423675
91/94/8816324731.jpg,38.887667,-77.274333
b4/c3/6732493133.jpg,53.260815,-2.126828
8d/41/6324637213.jpg,29.845911,-99.672732
2b/48/2078507089.jpg,51.061404,-1.309733
a7/b6/454435864.jpg,41.905645,12.494201
9c/6b/5202286619.jpg,35.697107,139.583187
be/96/7976113388.jpg,40.2763,-74.602661
cc/69/4748908156.jpg,-23.41072,150.499434
58/c1/8562790802.jpg,35.706666,-83.524667
a6/72/11781674284.jpg,13.744208,100.54343
fa/12/4481751797.jpg,-32.416941,-63.255599
5b/01/12268107296.jpg,-34.608698,-58.377313
fe/24/2403419267.jpg,40.980456,29.024065
88/d3/2653442783.jpg,52.381048,4.896469
c3/66/8147998816.jpg,45.285304,-122.695312
c2/be/4818400676.jpg,38.700515,-109.574203
49/a3/9416599796.jpg,59.905827,10.737377
95/33/3247614775.jpg,45.52463,-122.68321
34/ba/3639698878.jpg,48.28719,13.161792
f3/33/5780930991.jpg,20.740437,-156.896159
5e/e4/6811715467.jpg,13.719874,80.112476
56/af/2891597389.jpg,60.169385,24.951356
5b/01/484082584.jpg,45.467625,9.286665
e4/da/4730012686.jpg,-35.310971,149.13346
23/c0/8552056756.jpg,42.369746,-83.074403
da/96/3742248304.jpg,42.332447,-7.8637
d9/8f/5208549929.jpg,53.38615,-1.482988
92/04/9032318345.jpg,47.489687,7.731499
18/bd/191806320.jpg,50.732625,4.294152
cb/bb/348327959.jpg,33.194526,-87.545413
14/04/13664897553.jpg,36.45056,140.016975
15/cb/202937456.jpg,45.997021,6.986103
48/c8/4286333407.jpg,40.766689,-73.978591
0d/9f/497830618.jpg,38.510027,23.943328
30/05/5442613071.jpg,41.693834,13.256652
53/38/3179073691.jpg,27.933602,-82.268028
45/cf/6189535017.jpg,52.401723,13.015231
e1/a2/3109273707.jpg,32.40171,-86.245712
1f/a1/225923657.jpg,57.037414,-5.685017
a0/40/2329194323.jpg,38.71669,-9.140163
bd/9c/4951786298.jpg,49.649514,7.345905
3f/40/8073605516.jpg,51.975707,4.125022
3d/01/218347599.jpg,-5.183781,-37.343044
22/f4/269617002.jpg,45.086816,-64.367802
c5/0a/1505373987.jpg,53.221105,6.57124
81/7b/369099559.jpg,53.229724,10.576829
02/4a/5177065452.jpg,7.830008,98.301115
8c/40/1998743985.jpg,48.121528,11.583312
eb/cb/1821999720.jpg,34.053797,-118.254604
59/08/4694607863.jpg,38.633673,-90.20889
ea/4d/8685848752.jpg,25.017592,121.537354
a8/80/6308938333.jpg,48.251223,6.563344
c6/ea/3984827944.jpg,52.115782,-0.265731
f0/ec/9382980044.jpg,-12.605547,-69.041885
2b/7b/8679966815.jpg,39.00099,-76.876414
5c/b4/125431450.jpg,43.030015,-87.903885
4a/91/4263626169.jpg,28.360154,-81.59239
36/a0/343033133.jpg,41.847977,12.49058
67/c6/1487957016.jpg,42.665878,-70.80178
8e/b5/818432065.jpg,45.8735,11.799333
4b/bb/203111244.jpg,40.749402,-73.985366
70/fb/8043730482.jpg,52.503997,13.274831
a6/95/4465323002.jpg,37.387404,-5.978901
d7/80/6319194583.jpg,57.930972,12.531779
91/4c/5842470601.jpg,36.116158,-115.174452
61/e8/5237395516.jpg,-36.93395,149.875874
89/e9/3838226175.jpg,43.649333,-79.421139
36/78/8335741691.jpg,20.676515,-103.347383
f5/d4/9240022998.jpg,48.801853,9.80887
df/a9/5562302847.jpg,52.372596,4.900186
e7/9f/4880593032.jpg,19.995288,-102.286834
ff/94/3295253655.jpg,37.14363,-2.7757
b4/de/3305599462.jpg,21.58073,-158.148696
e3/80/5875566478.jpg,34.147359,-118.00077
e2/8a/3294250025.jpg,50.084876,8.247535
32/e7/3869798635.jpg,40.780225,-73.968028
09/58/1071454901.jpg,-38.139687,145.129737
fd/ec/3468496758.jpg,51.500621,-0.126171
9d/22/6778781659.jpg,28.353166,-81.589833
83/0f/5649606978.jpg,29.650418,-82.348773
e3/1e/6978900023.jpg,52.019067,8.528308
03/67/5848882658.jpg,55.617527,-1.651639
7c/c0/4067958077.jpg,41.38543,2.163308
4a/b6/5289653749.jpg,53.871203,-3.045892
cf/e1/9220147266.jpg,37.868468,-122.291749
66/09/516460910.jpg,-0.837677,-89.522094
9c/50/2148356440.jpg,38.995877,-77.254078
92/d2/10229523314.jpg,53.403766,-1.503889
cf/58/2233543350.jpg,25.698927,32.642354
00/69/4909599185.jpg,41.866313,12.496362
32/81/3829648476.jpg,46.500777,11.349273
94/0e/3186145434.jpg,40.749597,-73.985399
9b/86/7295228572.jpg,23.91599,120.675949
4f/ad/3047046094.jpg,57.196923,-3.828392
b7/20/8337896998.jpg,44.072293,12.577661
64/4d/3714551731.jpg,36.600783,-4.522376
60/10/510162772.jpg,50.848602,4.348869
be/9f/2502504504.jpg,38.829879,-76.860179
35/8f/8637272545.jpg,51.833921,10.799045
d1/3e/454345730.jpg,47.409386,10.746002
cb/50/9415350129.jpg,40.723112,8.566138
61/f4/3477218020.jpg,50.902237,-0.122158
2e/c5/453687710.jpg,52.185098,0.137819
0d/48/8093471795.jpg,60.178724,24.947005
a2/e1/9285473655.jpg,51.535,-0.104334
e4/d8/2315299011.jpg,47.792515,-3.853518
5c/64/7451659110.jpg,37.511236,-121.91613
1d/53/4315582539.jpg,49.449038,11.1448
3d/91/12801921593.jpg,31.227775,121.460466
34/35/5124067481.jpg,39.570763,-8.588389
68/af/9711081059.jpg,56.517303,-2.662639
fd/bf/7266839088.jpg,20.397088,93.218307
03/89/160139614.jpg,55.686985,12.55055
3f/6c/8078759586.jpg,22.221241,114.214013
80/c0/5333503047.jpg,29.715865,-95.389689
3b/7a/3089336587.jpg,45.297833,-75.927886
0f/4e/93646125.jpg,50.837749,4.34594
5d/82/2797202600.jpg,49.262434,-122.885212
fa/c3/4682071414.jpg,39.785598,-86.250686
b3/ee/847644740.jpg,50.733032,14.98445
b5/d6/5877683036.jpg,14.006697,105.976867
18/9e/390232543.jpg,45.046465,6.312246
bd/39/3582255521.jpg,50.765426,-1.298575
3a/3b/5219962928.jpg,45.51406,-73.611099
5a/13/2845332769.jpg,55.67439,12.58089
e0/19/9253423238.jpg,-36.870334,174.760666
29/25/5869869317.jpg,40.729128,-74.000784
4f/f1/3406484041.jpg,24.72582,121.089012
ac/98/6833216525.jpg,51.632756,-0.753142
e3/7a/5013168365.jpg,39.885959,-83.448127
71/e4/6340252609.jpg,54.775167,9.453
a4/4c/5677073811.jpg,51.689638,-0.019354
e4/43/9138522048.jpg,-22.951842,-43.209975
8d/3b/4244956361.jpg,44.921379,-93.318893
8a/df/4332563619.jpg,38.803864,-76.763019
62/2d/3384463274.jpg,19.695627,-98.845206
6c/a9/3124528461.jpg,-31.960159,115.878885
83/f7/2837038261.jpg,47.6485,-122.3545
e0/de/2627414148.jpg,-0.808069,100.327835
33/36/2443748657.jpg,45.555049,-73.562564
75/c0/5582211795.jpg,32.327049,-110.915393
f6/b3/5916561499.jpg,63.435773,-20.289001
e5/c7/9109729441.jpg,40.326394,-105.617067
31/b0/4306039983.jpg,-39.2716,-71.963195
af/66/4874760451.jpg,51.20168,5.97403
17/f2/4611984070.jpg,31.184609,121.443729
34/6f/2499766603.jpg,51.514872,-0.121761
fb/8b/3557503751.jpg,37.770104,-122.509177
c3/a0/3686305489.jpg,21.273,-157.823334
60/e0/2473362405.jpg,27.483603,86.721954
63/65/8709215285.jpg,52.138666,6.195833
e9/ca/1309033972.jpg,41.892055,-87.648925
f5/0f/492799988.jpg,18.464955,-66.113662
08/1e/2749706106.jpg,52.369792,4.869346
3f/93/2935099518.jpg,53.357222,-1.812777
a5/f9/5748298.jpg,-26.703446,27.092885
6c/a3/6756167749.jpg,36.506191,136.687072
72/c3/3162941219.jpg,25.083077,121.59397
5a/7d/4242576341.jpg,41.512996,-81.602953
f3/b5/9241420880.jpg,53.431155,-2.103667
f6/c0/4599440616.jpg,40.766501,-73.97644
c1/3b/7038098103.jpg,46.940183,-1.991958
d0/a9/8655723795.jpg,55.950001,-3.2
60/ff/6265643658.jpg,49.283161,-123.120841
94/7a/7275993308.jpg,38.887608,-77.043498
71/a9/13003478084.jpg,21.113908,-101.659069
db/1c/13457301614.jpg,33.790813,-117.7626
e8/a8/3032627579.jpg,34.053174,-118.24439
a0/78/3464014670.jpg,-33.895695,151.183328
c4/22/5399594475.jpg,-26.428076,114.468784
d6/b5/7968801884.jpg,51.104838,-2.321531
bf/11/13623602844.jpg,30.994035,34.914808
d6/37/364611774.jpg,51.514711,-0.064627
26/26/18695822.jpg,40.689684,14.519977
8b/9c/83957188.jpg,40.747874,-73.992919
a6/a3/6108472953.jpg,52.241571,6.846542
2a/05/5533406341.jpg,19.934058,103.273544
85/ba/6294575986.jpg,38.226673,139.665526
c4/91/410061344.jpg,32.778148,-96.795402
4b/e5/3326041589.jpg,25.791236,-80.132904
83/78/4107304582.jpg,35.851884,14.383244
af/63/11190599595.jpg,10.780666,106.7005
8b/1a/91624954.jpg,33.687781,-7.734375
cb/8d/8993015094.jpg,45.514,-73.526834
1c/52/10073406104.jpg,44.579,-96.899833
6b/00/772413668.jpg,48.85329,2.348969
0c/34/2177684573.jpg,41.363555,2.084076
48/da/5182662631.jpg,-23.182341,-46.900978
ec/a8/8288571387.jpg,41.386855,2.183532
d6/75/207967926.jpg,47.211318,-1.540805
04/72/8051489073.jpg,47.169512,12.722618
62/98/403909620.jpg,14.587778,121.10414
d4/66/7068541027.jpg,54.5815,-3.121
58/7a/392979854.jpg,48.861058,2.335238
45/54/8651574470.jpg,48.307775,8.989477
70/3c/8379767390.jpg,34.28483,-118.7469
c3/5f/3124211458.jpg,-0.174836,-78.491477
87/56/4745134025.jpg,51.617355,0.310194
d6/7a/5438147492.jpg,29.428983,-104.069109
cf/ea/215438027.jpg,35.988076,-121.496096
2d/20/954012703.jpg,40.749947,-73.991482
2d/34/8095341980.jpg,-15.796775,-47.908877
81/08/186428223.jpg,49.97757,7.921272
96/70/2444367256.jpg,35.212316,-85.02139
33/75/5442205731.jpg,49.273429,-123.122596
bb/7e/2541095695.jpg,43.73253,-7.876167
5b/b1/146565557.jpg,32.498949,-86.474257
39/64/178153802.jpg,41.635307,-80.316957
be/b3/1178374121.jpg,37.980874,-80.94675
89/dd/8419136905.jpg,-23.810632,-45.338344
5d/5f/4732855620.jpg,34.824435,135.472653
5b/cb/5845300430.jpg,57.279042,-4.939727
99/68/2244502397.jpg,-6.014922,-40.311927
ff/d2/5693018892.jpg,48.138166,11.585833
d5/8d/5660277402.jpg,37.7835,-122.429334
1f/60/1105880435.jpg,55.757162,-6.287269
9d/67/5360058180.jpg,25.041943,121.506638
c2/31/2854081828.jpg,43.232734,-88.157687
f0/7a/4875113637.jpg,64.743453,-21.714134
22/33/5122050726.jpg,14.831393,-91.433887
e4/6a/5428677845.jpg,33.988455,-118.461048
01/f9/3807892123.jpg,68.20939,14.479379
7a/07/7079860627.jpg,51.357166,-2.327334
0b/15/3739843936.jpg,52.38304,4.8913
c2/db/230455129.jpg,63.005133,-151.149902
45/0d/4557655808.jpg,45.343232,-75.67872
da/3d/5432761644.jpg,43.036307,-76.136434
44/e5/8314924739.jpg,-34.607983,-58.364735
78/c5/3253520733.jpg,51.581016,5.195889
f3/e6/1295293991.jpg,50.356194,7.612924
3b/15/445449003.jpg,42.236643,-8.718209
3e/87/7415950988.jpg,45.509072,-73.561608
b6/0f/4695348939.jpg,36.124729,-115.170954
4e/bd/12738796693.jpg,54.822833,9.499666
83/82/6839109816.jpg,-34.72172,142.323074
8d/66/2417220060.jpg,43.775184,1.007137
93/df/5115277740.jpg,51.50376,-0.224275
30/4c/2997945079.jpg,42.076469,0.88603
ab/2c/6777962929.jpg,41.891444,-87.600283
bb/c4/3763731456.jpg,37.888116,-78.695669
28/f4/8373117341.jpg,-34.9795,138.536833
a4/69/214440490.jpg,45.079824,-67.050333
b7/cf/2939632008.jpg,-34.045121,18.342533
1c/48/9546932370.jpg,40.69232,-74.031715
d6/1f/9142117724.jpg,32.681833,-117.094834
f8/89/515802329.jpg,41.548985,2.109589
84/19/2681660235.jpg,53.456505,-2.285639
3d/0f/435646996.jpg,16.234123,-89.049167
10/dd/5225866439.jpg,42.512475,-83.029174
e1/c1/513995377.jpg,34.101504,-118.32653
66/28/406242190.jpg,35.622698,140.111389
92/ac/2039103412.jpg,50.088056,14.413826
e6/b0/9165884756.jpg,43.318308,11.331624
11/e5/6907563872.jpg,51.279246,1.077432
07/42/2979163551.jpg,43.087937,-79.074393
c2/9e/2351843671.jpg,43.958966,11.391448
fc/67/7758837394.jpg,39.631498,-8.672997
35/23/3378787191.jpg,47.719116,12.036552
a7/92/3067316507.jpg,42.887284,-0.114326
7d/f7/818765240.jpg,55.916205,-3.316154
49/5a/4438051750.jpg,34.261344,-118.518501
23/5a/6202338906.jpg,36.149432,-86.810896
1f/4d/4285973487.jpg,42.66131,-72.195668
8b/e2/6125370092.jpg,42.782125,12.406396
ba/c6/1218717458.jpg,37.563085,126.996116
9b/9a/6278516921.jpg,-36.852393,174.762783
5e/15/1533893216.jpg,52.858351,-4.117641
b9/78/6834862535.jpg,60.624397,8.172669
ac/7f/13924815375.jpg,40.669433,-73.984948
cb/2c/9879894633.jpg,47.797077,13.045191
e1/04/7893985418.jpg,13.767833,100.504
c8/cb/8540889006.jpg,46.748,-121.807834
6b/5c/3911588837.jpg,39.76395,19.930315
bc/e7/12715208434.jpg,18.153055,-63.179723
09/ae/2380464060.jpg,-2.202816,113.916378
c1/7b/4840679298.jpg,55.786087,-4.276546
ea/0c/695156243.jpg,49.267818,-123.135752
6a/16/31636399.jpg,44.837977,-93.242125
7e/ee/2728645133.jpg,46.835359,19.617118
2f/e4/746991332.jpg,42.872819,11.537361
07/d1/5281665442.jpg,38.603657,-90.254906
c6/9f/5963940043.jpg,52.048762,5.091025
bf/6b/13577600.jpg,29.583086,111.238975
d5/9c/3151805308.jpg,31.836441,-106.490478
5e/33/213553746.jpg,-4.501301,37.911415
2a/ee/4565778680.jpg,53.240436,4.914622
57/44/5352400721.jpg,31.159933,-7.396545
92/3e/3989627963.jpg,41.307729,-81.014728
0a/5a/5985755039.jpg,-30.454888,137.158813
f5/e7/5199053399.jpg,51.753815,-5.183143
e7/6a/2265871394.jpg,-8.061991,-34.882986
5e/f9/1040898003.jpg,37.971808,23.720083
18/3a/196430054.jpg,-3.469557,34.453125
4b/02/1334917703.jpg,45.85989,9.124145
1a/4c/3129690719.jpg,45.518628,-122.707873
42/bc/105105561.jpg,42.587735,0.538115
1f/0c/464916598.jpg,51.117316,17.030868
a5/69/5802074397.jpg,34.1075,-118.264833
04/39/4080811353.jpg,46.962447,8.632164
65/c2/7949035034.jpg,45.417762,9.237323
88/83/253849849.jpg,35.435227,-120.491051
ef/1d/8332460402.jpg,35.663485,-121.262497
7a/e6/5428853281.jpg,54.97164,-1.620783
4f/1b/12372339294.jpg,41.8863,-87.71765
5f/f0/207178538.jpg,52.157295,7.332
70/dc/2336838077.jpg,35.743865,139.725494
c9/43/1306928441.jpg,-34.424965,172.681045
46/95/6138309262.jpg,52.242058,-1.881216
7b/60/10153831146.jpg,24.85433,79.919994
af/65/5447454876.jpg,55.730822,37.641402
75/c1/11689852536.jpg,49.489363,8.467669
97/1c/4240956356.jpg,15.492377,73.774094
ae/07/5675721368.jpg,5.36181,100.314531
71/79/3342050402.jpg,46.641717,14.281797
64/16/3076649258.jpg,42.371964,-71.132043
68/84/4994386401.jpg,20.021147,-75.829637
db/91/9890667063.jpg,37.908179,-85.64495
cf/aa/3516812574.jpg,62.459542,-114.381322
99/32/9154142096.jpg,45.906494,7.199821
92/03/3922369811.jpg,47.418797,8.550559
7b/c3/8003671801.jpg,40.999463,28.807296
bf/e0/4619428320.jpg,56.185119,38.168563
8a/3c/4035904929.jpg,40.727511,-74.002919
c8/b6/2299613707.jpg,40.004607,3.872852
bf/12/6701218111.jpg,44.311967,8.496053
b7/52/7303212842.jpg,48.135162,11.576499
2c/41/5284169779.jpg,28.603437,-81.198835
3f/f9/6601564793.jpg,53.480869,-2.236934
19/b1/126332704.jpg,51.053278,13.809556
fe/eb/5612029211.jpg,44.115442,15.227737
10/6b/4067943875.jpg,41.380543,2.17732
08/dd/5470979738.jpg,25.052222,121.563888
82/fd/3434369087.jpg,37.74267,-122.483546
9b/7a/2455595012.jpg,-31.76758,-52.22866
d2/c2/8999236819.jpg,38.714715,-9.150152
54/51/9463075617.jpg,43.058742,141.348267
07/fa/11795179605.jpg,31.10741,-4.016479
64/f6/4609538094.jpg,3.343523,101.246223
d6/49/12655204475.jpg,25.030239,102.709035
95/c9/336466783.jpg,42.246588,-71.76262
8c/f9/9522018646.jpg,36.030915,-113.826469
94/28/162029666.jpg,35.204672,-106.446962
aa/72/345629014.jpg,48.253941,0.95581
77/88/3810226406.jpg,36.143073,-115.164527
a4/64/501932768.jpg,64.143225,-21.928968
b3/5f/8469897617.jpg,25.056785,121.507598
d9/b1/4773714411.jpg,49.981752,8.243366
bf/2e/6462243737.jpg,-34.844317,138.50237
f7/60/2664850896.jpg,55.947625,-3.195734
02/5c/5386926000.jpg,41.321364,-88.994193
a9/ae/3057515952.jpg,43.37829,-1.795234
cb/77/13286250185.jpg,69.966791,23.274707
a6/b2/635387420.jpg,41.483959,-71.950219
17/ae/13890771686.jpg,34.007403,-118.492769
8c/ac/237189725.jpg,49.05227,20.423583
b8/aa/3201475400.jpg,48.949812,3.128941
f3/b5/8054268062.jpg,41.835661,1.75212
b0/d7/7396516824.jpg,51.515667,-0.145
d7/5a/3103727286.jpg,37.998868,-119.056091
b4/63/5159713475.jpg,37.771889,-122.468483
91/fc/1425423570.jpg,45.186574,5.719928
0e/60/2276855135.jpg,52.14717,9.926211
26/43/3459091876.jpg,13.273248,103.821695
40/49/217459636.jpg,43.266698,-2.947297
85/79/1314061033.jpg,39.583531,-104.875187
fc/83/7695933248.jpg,11.982065,108.399181
f4/9b/4433853982.jpg,35.44114,-78.502244
6b/fe/8710144989.jpg,52.466661,13.467413
27/e8/43183448.jpg,37.981542,-122.512975
23/df/235471337.jpg,36.88788,-89.546567
6c/47/3198381789.jpg,17.064251,-96.727237
7b/a8/2415537189.jpg,46.514342,11.292057
a9/4f/4454102082.jpg,50.828913,3.264591
ca/e3/7884584298.jpg,40.572892,-84.197502
78/c8/9542807897.jpg,36.058883,-115.123322
5b/df/4090601834.jpg,42.965279,-0.755138
d9/ff/8498957827.jpg,1.394913,103.900852
c1/5f/7527154566.jpg,52.30054,4.761199
60/16/2218757775.jpg,53.73206,-1.272096
82/93/2848264499.jpg,57.468227,18.304424
b9/d6/3682478410.jpg,-34.596829,-58.492519
ef/02/210012560.jpg,50.115968,-122.958769
4d/71/2729670245.jpg,32.88429,-117.224979
40/cf/5915462908.jpg,-33.902692,151.268177
9b/6b/6774308903.jpg,30.187522,-97.721446
38/8d/6075915552.jpg,38.524146,-123.089275
8c/88/3454034873.jpg,19.485577,-99.213323
2e/62/6293824595.jpg,50.480855,5.710353
df/34/9285506839.jpg,18.501098,73.85971
2d/12/3224327138.jpg,51.426079,0.10394
70/c5/8346287348.jpg,47.074045,-70.907773
2a/c3/2280643880.jpg,35.691539,-105.9374
13/a1/2137276311.jpg,41.422391,2.196106
bc/13/229772183.jpg,37.214882,-86.107749
9a/6c/4007482892.jpg,22.3405,114.100333
ef/f0/9724998580.jpg,35.424033,137.097627
6e/56/178709254.jpg,52.508476,13.462672
53/99/5453311564.jpg,50.825653,9.015805
e6/66/6174598472.jpg,55.682,12.558
12/fe/690943974.jpg,34.023071,78.496799
b3/2b/2434550503.jpg,9.519327,99.939537
7b/5a/5143644484.jpg,22.59689,120.308039
b1/04/5097178643.jpg,51.231226,2.911446
be/28/4315255734.jpg,38.562537,-122.54999
c0/bd/2438513140.jpg,41.645081,2.50986
76/20/8397306044.jpg,-34.92943,138.599824
4d/9d/8549764913.jpg,39.752782,-105.002925
43/ce/8628051697.jpg,18.783872,98.999711
e8/ca/8467107217.jpg,43.121053,-70.828918
61/8b/146129509.jpg,34.370644,132.324829
fe/37/8562242266.jpg,46.713678,-2.311935
d0/9a/293506263.jpg,49.249094,-122.732391
31/f0/451265027.jpg,34.33995,-84.022246
46/8a/6381540171.jpg,45.444666,-122.641334
4f/3f/3652386708.jpg,48.462393,-122.315415
86/d1/4162823487.jpg,49.45698,11.077533
ae/ac/3726692667.jpg,41.756482,12.292767
f3/8e/9358059532.jpg,43.959954,7.682318
10/ec/8687965147.jpg,50.07532,14.436893
eb/8f/2692404245.jpg,68.936438,33.131847
39/8d/3944917832.jpg,40.520421,-74.183464
24/ea/4471107709.jpg,51.534798,-0.12175
eb/b6/8231932429.jpg,1.283308,103.857772
a2/1f/2186220699.jpg,39.828708,-86.183366
53/bc/8346859732.jpg,55.150394,-1.520892
82/cc/7499906704.jpg,-22.163984,117.497866
db/13/3201982742.jpg,48.235527,16.35666
bb/86/6834459510.jpg,55.872262,-4.288562
22/57/13430214015.jpg,51.802292,19.47951
42/8d/6197939877.jpg,40.002738,15.371489
d6/fc/2551954144.jpg,41.221817,1.671895
87/5f/3695324168.jpg,33.685253,-117.988632
c6/ab/2505255300.jpg,43.00314,-7.590179
ba/b5/5797436332.jpg,3.150971,101.704044
0f/a3/5048126443.jpg,51.500768,-0.12145
ce/9c/2245992068.jpg,38.898214,-77.027893
ae/a5/7554930068.jpg,49.063872,-120.789989
a3/03/6203814208.jpg,53.793756,-2.100448
43/34/354697588.jpg,-20.28474,148.77634
17/6c/3099554173.jpg,49.494556,6.359024
7e/64/361361495.jpg,37.779602,-122.420713
ae/e0/8745188533.jpg,34.812655,135.705871
84/2f/8993478481.jpg,59.350333,18.112167
d2/c2/3554591700.jpg,-34.350513,18.484464
eb/b6/78789831.jpg,48.857487,2.35176
7b/03/4907932836.jpg,-34.762416,-55.643928
49/40/3045938941.jpg,40.729278,-74.00003
ae/ac/5582466081.jpg,38.965774,-95.236048
64/3a/557019468.jpg,42.446942,-83.264822
53/26/7667492346.jpg,-1.959454,30.108457
c6/22/8079667918.jpg,49.815225,23.906292
f3/1c/484271763.jpg,1.302797,103.869895
b1/49/2056658040.jpg,45.437986,12.336058
d1/be/2289833145.jpg,42.351677,-71.079295
73/63/3879581099.jpg,49.242682,-123.116569
5b/2a/833792044.jpg,22.789001,121.111049
a7/47/12155349596.jpg,-21.110289,-44.174123
8a/dd/10391078066.jpg,-9.665715,-35.710097
6e/9c/2118767556.jpg,40.810239,-73.960357
3b/aa/2641509409.jpg,51.522644,-0.131213
32/fd/8194482653.jpg,42.885775,-78.881492
c6/03/6012237955.jpg,43.060328,-86.240068
6a/06/4453835256.jpg,31.91547,-106.509532
1e/c5/6907417045.jpg,24.353107,121.3091
59/e0/1789493478.jpg,22.544903,120.324325
21/3a/4861934686.jpg,60.172214,24.945573
d2/47/2950989236.jpg,40.41925,-3.693814
32/17/10799490643.jpg,43.678184,4.628591
16/6f/6475697937.jpg,42.77263,-73.699406
a5/c9/4551635156.jpg,36.719889,-4.414701
1d/ad/4876512818.jpg,39.576333,-106.097333
3b/35/486175473.jpg,58.58836,16.183097
2c/b8/173405354.jpg,25.275745,55.321655
b4/8a/3207766187.jpg,34.108411,-118.277016
cd/72/2859635124.jpg,50.723056,7.100579
fb/ef/4895696328.jpg,48.211047,16.371635
7b/e4/4714647636.jpg,47.626528,-122.362976
90/42/899784787.jpg,41.983196,-71.334378
9b/27/1354313580.jpg,50.977777,3.124322
58/17/6522985957.jpg,41.634943,-4.761135
6b/f0/8100740844.jpg,37.217889,-7.408668
46/ef/5033736306.jpg,51.053609,3.725389
69/4b/6177587368.jpg,54.141812,-1.527796
71/3f/4641148565.jpg,28.690625,-14.012417
d8/eb/12388971824.jpg,-32.990235,-68.812694
3b/a8/6337154627.jpg,55.844891,-4.420237
8e/74/238781676.jpg,41.974957,-87.705316
ca/93/149392894.jpg,52.84735,-7.001445
e3/f5/2316066156.jpg,40.716297,-73.996095
ea/19/8004160244.jpg,-23.575315,-46.640739
ee/82/5998453042.jpg,-37.80246,144.966659
6b/27/5276570045.jpg,43.322608,-6.00366
f7/b4/2439880310.jpg,21.315378,-157.856991
7f/54/5170659318.jpg,47.510843,1.122665
bd/4a/4254945618.jpg,53.382445,-1.461836
33/86/5637033675.jpg,51.52066,-0.128681
1a/de/2556689153.jpg,34.99112,135.779685
9e/62/2283523509.jpg,60.533517,8.206658
38/61/7709282884.jpg,29.975903,31.129589
a2/7d/8540815074.jpg,26.7135,-80.053667
57/03/8395173323.jpg,38.671907,-121.722764
ba/62/4322685766.jpg,45.439447,-73.671655
94/a0/2867487636.jpg,43.119262,-77.616615
9f/c1/2101080554.jpg,51.20527,-3.454856
ef/e6/7951029782.jpg,40.147861,18.487169
1e/76/5398919712.jpg,36.53623,-6.302858
62/a3/206621533.jpg,10.930742,108.110361
37/90/2844996559.jpg,31.629267,-8.005943
7e/fd/1467989259.jpg,38.558703,-122.538263
74/ba/3805701778.jpg,42.113724,-8.261085
42/ec/8527044996.jpg,49.3995,-123.513833
93/af/6941357471.jpg,-22.97673,-43.195079
4c/46/1366066859.jpg,40.772221,-74.286804
91/ad/2610846981.jpg,19.932444,-97.964572
4f/92/136494616.jpg,60.157909,6.591796
85/e5/328209866.jpg,-20.005774,57.552051
f1/7e/7169217890.jpg,-43.181147,170.925292
cc/08/3798141315.jpg,48.782946,9.180879
ca/33/532380315.jpg,55.614037,8.10997
75/7e/10076404793.jpg,52.521277,13.396961
a2/2d/4080984275.jpg,53.350506,-3.096385
51/8d/3562670330.jpg,59.276657,18.138533
b2/90/9214020567.jpg,46.943523,6.562271
79/2d/4855074373.jpg,-34.581602,-58.419198
bb/79/8350251086.jpg,51.800016,11.72636
d4/fb/6761345673.jpg,15.461291,-90.366497
85/e6/8220653468.jpg,52.316244,4.808342
44/f0/2522492794.jpg,48.413137,-123.396205
82/dd/2827599108.jpg,52.356669,4.920737
8f/4d/9523216233.jpg,47.031177,12.62145
f2/65/2654556646.jpg,51.18483,-3.445715
88/f7/2801306530.jpg,39.748889,-105.00801
b2/82/244907277.jpg,41.697806,-86.234167
ec/1a/214594932.jpg,45.251001,-70.095681
c3/e7/2104205660.jpg,42.248851,12.573852
0f/35/3684054936.jpg,51.881484,-0.840228
5e/aa/2083711231.jpg,40.280155,-111.716553
3f/e1/3396607604.jpg,20.466777,99.886722
c8/f6/5965873885.jpg,36.730904,-4.922765
0a/a4/5319398124.jpg,28.065362,-82.833555
57/4a/8230779944.jpg,52.214785,21.035427
60/67/3278913954.jpg,59.856848,17.618899
2f/a8/5336464069.jpg,-5.8865,12.5725
77/f1/4665135635.jpg,53.556725,9.992852
f3/11/10671997174.jpg,35.55135,133.306808
e8/38/7003728946.jpg,42.242167,-83.632667
93/45/5668307949.jpg,22.182,-159.607667
0b/c4/5434131502.jpg,57.30316,11.151809
68/56/2623147164.jpg,38.602232,-90.517559
c9/e5/121860672.jpg,21.277857,-157.679042
4f/7a/6169117328.jpg,24.048333,123.794166
75/d5/4108643378.jpg,42.384166,-83.362778
81/81/6264259016.jpg,53.484738,-2.242562
27/f4/829873274.jpg,52.33345,1.596879
78/2e/3551087835.jpg,44.887407,10.855511
38/e3/8641639214.jpg,48.861552,2.335281
06/7e/6700364247.jpg,37.401847,-5.942423
9d/8f/5123830909.jpg,-34.922437,138.618821
4b/64/4902893088.jpg,40.045051,-75.39125
a7/85/2071872059.jpg,27.722217,85.363984
11/cb/2524934437.jpg,14.556814,-90.733004
3c/7f/6654486449.jpg,52.204,0.121667
99/05/6249731138.jpg,35.675727,139.706957
f6/d6/6937559885.jpg,48.84023,2.583988
c9/a4/3028973330.jpg,-42.113887,146.165456
17/4a/6837847520.jpg,35.619311,139.776461
63/d3/804739880.jpg,34.439743,-118.464696
33/7c/5131840744.jpg,43.073045,141.34141
a1/46/6083263797.jpg,52.011489,4.35726
18/0d/8731109454.jpg,30.0167,31.216699
49/82/6200707902.jpg,57.526423,-3.925037
5a/ac/3480950499.jpg,-44.817471,168.114831
96/6f/7990082217.jpg,45.885005,-66.545501
53/3e/9449436964.jpg,16.021038,108.258163
40/c4/2132013450.jpg,27.722217,85.363984
b4/92/3077294213.jpg,37.773,-122.438166
f4/ec/5458361344.jpg,45.60144,12.883589
4c/c9/3389948324.jpg,31.956531,34.807434
44/44/313033606.jpg,35.90969,-79.045375
8f/d5/5022541399.jpg,38.772153,-86.407985
34/e8/5110016296.jpg,-37.875334,145.1655
95/9a/2608365029.jpg,66.072103,-18.647575
23/eb/6702904547.jpg,38.244308,-85.732635
e1/76/4653051574.jpg,52.244444,10.555277
35/14/4639150670.jpg,45.558835,18.675985
5e/d4/4740892162.jpg,42.366446,-71.054742
ef/6d/6071546768.jpg,41.964029,-80.562679
31/53/185893130.jpg,27.195556,-78.269863
95/60/203857900.jpg,42.433719,-8.69997
ad/70/2506762393.jpg,42.468583,-70.94696
95/65/441418490.jpg,37.809114,-122.418696
95/71/8453527627.jpg,53.831168,-1.956274
08/a1/4119978547.jpg,41.817798,-88.071105
4a/84/1392927076.jpg,43.96919,5.889616
b5/43/3702098913.jpg,32.327049,-110.915393
c3/20/8483221641.jpg,45.582914,-122.575072
25/4c/3034486683.jpg,29.755752,-95.089459
47/e2/4555789893.jpg,51.504218,-0.219372
e3/b8/8088610217.jpg,41.888093,-87.703599
50/03/3162270400.jpg,-32.551226,-71.460914
45/9d/8580478412.jpg,40.753986,-73.983821
dd/39/2116415618.jpg,-33.576656,-70.404338
77/bc/4256271565.jpg,42.35923,-71.049197
5a/77/8409829326.jpg,50.896699,-114.063481
cd/c7/2974624519.jpg,48.137482,11.575405
5e/d9/149257582.jpg,32.684464,35.583858
5b/0c/2261604415.jpg,33.960518,-83.386402
94/7b/6236590937.jpg,50.092393,14.426422
9b/f9/6932366535.jpg,41.9148,12.511303
3c/76/11244199895.jpg,32.777294,-97.093198
f2/a5/3655817767.jpg,-28.063497,153.430938
bf/cb/8590192935.jpg,48.856472,2.289457
e7/24/5428709007.jpg,53.854906,-1.672239
2b/fe/1316510989.jpg,25.79451,-80.12866
ac/1d/128997755.jpg,-33.040399,-71.64133
d5/fe/210665430.jpg,-33.012262,-71.560306
9f/8d/3398178098.jpg,45.216752,-123.974533
12/40/3042698900.jpg,41.876263,-87.628004
8f/e6/6078165930.jpg,51.384316,1.444015
0e/1e/5189662076.jpg,48.561726,-3.792514
8e/9a/8920726569.jpg,37.971224,23.736659
d9/45/12424612463.jpg,36.129738,-115.154589
21/d6/2629820042.jpg,24.151766,-101.005554
f3/ec/8457397586.jpg,37.708191,28.72268
87/10/8370577790.jpg,-33.873836,151.20552
57/80/5008792438.jpg,40.71455,-74.007118
f5/c5/4407269778.jpg,37.786453,29.131107
90/97/3700901792.jpg,37.177688,-3.587894
4b/57/36089762.jpg,41.898571,12.46931
3f/48/5418210437.jpg,52.204875,0.122137
d1/d4/3105114767.jpg,45.890964,7.743473
61/61/12331013894.jpg,39.969095,-75.133953
78/4e/2396350234.jpg,43.774936,11.255493
ca/54/213395795.jpg,42.378836,-71.078796
b2/69/2594041448.jpg,48.515943,-123.152489
f9/0a/8144838519.jpg,39.959754,4.219951
91/14/511399571.jpg,43.271706,-2.949829
02/7f/5375231775.jpg,-23.549294,-46.645471
63/69/3535960077.jpg,36.318548,-82.340705
09/57/8212968534.jpg,40.701667,-73.991
a5/47/7030948155.jpg,49.281114,-123.012733
1f/f5/6786844504.jpg,-22.91354,-43.196412
e8/3f/13446412445.jpg,51.758782,19.415169
d7/67/8497544834.jpg,32.068119,34.771192
1a/69/2159344248.jpg,41.423572,-91.071495
e8/50/1262379882.jpg,44.732101,-81.278915
59/ab/2939352431.jpg,41.511611,-73.470436
69/0c/633179534.jpg,48.136594,11.594095
42/4b/2523862964.jpg,45.606457,9.247334
d5/b4/5803505830.jpg,-6.222089,106.893324
04/bf/4266654510.jpg,43.482757,-8.225798
27/d5/4807164857.jpg,46.010018,-121.5596
b0/b5/3380349590.jpg,49.021612,-123.786478
47/82/1249653478.jpg,52.378611,4.640436
a2/43/3560947690.jpg,51.842777,-1.364192
2a/ea/5355074575.jpg,53.481508,-2.253592
c4/92/5216013894.jpg,44.841523,-0.570087
52/93/3405343708.jpg,51.101705,1.243645
af/78/3145039135.jpg,42.346541,-71.138373
af/dd/8308294876.jpg,60.630354,8.561847
fd/ec/2671644450.jpg,20.21573,-87.430486
cd/c2/3254153743.jpg,28.639978,77.215347
f3/4c/4825247653.jpg,39.042129,-74.769301
64/99/2603091757.jpg,1.607821,103.710937
8a/98/6473181655.jpg,19.237969,-99.312556
e6/80/3194332612.jpg,53.402176,-2.979247
cb/3f/8548371692.jpg,55.903166,-3.633667
dd/08/8050287161.jpg,49.224772,-107.668075
29/60/10746624075.jpg,43.76828,11.253132
e4/e8/4048293165.jpg,30.303835,-97.612152
46/b2/3261914099.jpg,25.728912,-80.24134
e9/0c/8451159748.jpg,40.853471,14.250919
26/bd/7160734295.jpg,53.445739,-2.760314
aa/b9/5431546019.jpg,51.570854,-1.888897
35/75/5540094435.jpg,36.96351,-122.016987
ab/33/1459240745.jpg,35.428225,140.154991
83/7c/387360445.jpg,24.575253,-75.952091
01/8d/3797399119.jpg,-26.186405,28.046465
9a/f3/8277029853.jpg,29.946317,-90.066604
cd/2f/4152832489.jpg,43.876602,-79.408294
dc/07/7159235652.jpg,-33.700917,114.982137
36/55/4756358058.jpg,-3.855249,-38.381153
53/49/7760714848.jpg,37.768933,-122.486713
e3/ff/3476392131.jpg,43.720578,7.25309
2c/23/4122695810.jpg,45.469194,9.181008
2a/6f/12103010864.jpg,45.464054,9.18972
a2/9a/5675414214.jpg,31.238075,121.486167
8f/2c/516698100.jpg,52.431616,-4.063353
ee/25/2552661967.jpg,45.652838,13.765123
33/f2/433795882.jpg,41.377581,-83.640975
39/07/4855022558.jpg,49.309555,-124.543655
7e/05/5080063955.jpg,51.744739,8.848079
61/60/396385257.jpg,45.465909,15.479736
85/1f/11914251566.jpg,47.395298,8.623988
55/ab/5801147302.jpg,31.778511,35.23083
75/bc/7184149220.jpg,38.558569,-91.006751
86/22/6675950639.jpg,28.854916,-13.796789
ca/ed/7824570282.jpg,52.544547,13.39744
e6/ee/8328085004.jpg,50.816847,-0.134592
3f/6f/3711619415.jpg,37.929965,-86.987993
48/88/13231054493.jpg,-45.186599,169.316019
87/ce/9253702888.jpg,25.087916,121.623411
f2/bf/9514053793.jpg,52.662,-8.628666
97/28/5827400995.jpg,66.485828,25.715603
1f/17/1583652387.jpg,48.858175,2.294678
de/64/7908170074.jpg,47.491833,19.0615
02/81/3075276652.jpg,29.833137,-99.275894
72/7f/6259371226.jpg,38.712982,-9.153124
85/63/7132239453.jpg,39.605598,2.70791
aa/94/4996594843.jpg,40.139515,-3.422241
f3/df/10558629096.jpg,43.084166,-87.882167
d1/f3/12349699055.jpg,52.486635,13.324229
27/2f/13873462535.jpg,52.236375,21.111697
2b/a7/6530801765.jpg,64.255632,-21.121387
46/d7/6796495597.jpg,-34.436914,19.21368
76/8e/2987076757.jpg,32.807169,-96.796631
ae/f5/5915368208.jpg,45.724667,13.774167
06/4a/10759392716.jpg,37.77185,-122.404525
4e/5c/2663234467.jpg,48.873867,2.295026
66/e7/4933724775.jpg,45.593921,2.214989
3a/97/2291913422.jpg,41.579822,2.007723
a9/66/1585186867.jpg,32.247796,-107.123908
02/22/4593566407.jpg,40.758407,-73.977642
38/35/5414804320.jpg,53.120328,-3.573303
ef/d5/3596785358.jpg,35.359516,-82.555518
5d/00/5473840996.jpg,27.777356,-82.635567
c6/98/9340846481.jpg,51.413519,11.109352
6b/ba/437416320.jpg,28.462834,-16.257845
a6/2b/8519091790.jpg,43.924109,18.653068
db/d5/5970397703.jpg,4.046638,9.719638
2b/4f/7922035852.jpg,40.766622,-73.98468
0e/3a/8711150074.jpg,51.483561,-0.009763
b5/32/3063735428.jpg,60.161886,24.944908
2b/f4/3011522375.jpg,51.505911,-0.123767
03/47/2602275070.jpg,40.4178,-3.707022
80/35/8294077068.jpg,44.656988,-73.125856
bf/ca/2932671455.jpg,42.629206,-70.945951
e6/17/4848356183.jpg,52.338852,8.361625
65/8e/241210656.jpg,33.761559,-84.38501
f9/48/3978271898.jpg,22.322166,114.170666
b3/93/3622106921.jpg,36.719761,-4.410667
b5/97/3719343927.jpg,40.804633,-124.166911
34/6b/2655647301.jpg,48.849947,2.351331
9d/84/6278094115.jpg,40.703415,-73.902282
81/48/3033570036.jpg,37.768937,-122.427194
01/ad/10644678853.jpg,41.389945,2.166023
8d/09/777488646.jpg,20.581688,-100.400018
6f/87/3599435657.jpg,34.051667,-118.257167
3a/d6/8719371730.jpg,39.906108,116.446789
a0/84/7826526410.jpg,51.058133,13.741425
04/bc/5324432977.jpg,48.892035,2.237777
98/ea/4987968944.jpg,67.941488,13.117203
4f/6f/5249976480.jpg,19.722635,-155.084
cf/aa/1795407010.jpg,43.646851,-79.377202
4c/cc/5310223717.jpg,43.320681,-4.061164
79/39/5995101423.jpg,64.939897,19.99679
03/0c/2167274372.jpg,53.38447,-1.466256
37/fe/7227464542.jpg,54.162434,-1.40625
58/b2/8725888970.jpg,37.815233,-122.245731
f2/f8/4691926166.jpg,45.460964,9.154875
26/f0/2295587711.jpg,47.069069,21.925964
2b/90/5343774327.jpg,37.895351,22.058813
e1/24/5460196607.jpg,-37.377591,175.66821
be/c2/5669418276.jpg,38.579059,-121.491012
ab/8c/9412147651.jpg,52.516071,13.376979
a7/cc/1167662570.jpg,35.250665,139.106311
19/86/3570319429.jpg,36.121561,-115.169925
e5/db/2615769481.jpg,47.069303,15.452871
e7/b8/3882688245.jpg,51.488361,-0.121616
c3/ad/164932299.jpg,41.8022,-87.9699
f8/6a/2461354071.jpg,34.801259,-86.734936
53/5e/5291363570.jpg,32.707557,-117.160182
1b/55/6287472413.jpg,-34.608749,-58.362911
b7/82/254494733.jpg,31.229389,121.480636
d9/ba/7919385936.jpg,38.946167,-77.073333
c9/a5/9685620449.jpg,51.503805,-0.131556
55/3a/2787448760.jpg,43.783255,12.341036
0f/4c/4214592155.jpg,57.632353,39.882774
60/96/9328372207.jpg,41.133678,-73.241487
2c/fd/6122122773.jpg,45.688494,5.914592
bc/0b/6700644699.jpg,53.260438,-1.808581
1f/2d/509786268.jpg,32.712922,-117.208585
da/98/212419122.jpg,34.039146,-5.008049
35/d6/6880012976.jpg,-33.846166,151.2115
44/5a/7279266912.jpg,40.756733,-73.954457
18/ff/3443205009.jpg,8.444526,-83.471117
46/43/2283426285.jpg,37.36852,-6.02806
ac/2e/8462074251.jpg,42.712127,-124.347167
38/e8/167282362.jpg,51.484088,-0.605235
7f/c1/4985745867.jpg,51.218759,4.358074
c4/53/234099130.jpg,51.919391,-2.065429
75/0c/6982904597.jpg,49.302341,-121.785308
cb/00/1744271438.jpg,50.079203,14.429297
ba/e5/371282266.jpg,37.902863,-122.32227
50/3a/479777145.jpg,52.014076,11.709408
99/7f/2324072310.jpg,30.661393,104.062843
14/30/8324315563.jpg,22.78969,5.526529
55/f9/4490529064.jpg,52.15898,-2.669677
51/fa/1240876071.jpg,31.626709,-8.00208
3b/17/5383916234.jpg,23.084074,113.420619
f3/4d/4975319176.jpg,52.093587,0.130462
bc/df/4180539502.jpg,47.795758,13.053109
e5/08/9456717063.jpg,52.359191,4.926107
d2/69/8718880200.jpg,29.428579,-97.171089
9d/cb/8566132270.jpg,52.273747,-9.876664
ca/7c/2982016850.jpg,43.542182,-5.664175
92/9a/1855237984.jpg,58.081063,7.312555
5e/2b/4260064726.jpg,38.697581,-0.473221
a7/a6/8524093867.jpg,43.010892,-83.713459
9e/cd/4303772299.jpg,44.690989,37.764301
84/29/6695955621.jpg,31.780641,35.219936
3b/07/3980275052.jpg,38.03098,-78.513622
d7/29/5839030630.jpg,43.259526,-2.924938
c1/64/1417668487.jpg,41.87961,-87.635064
ef/f5/3882562132.jpg,55.195661,11.734272
dc/a9/5546797556.jpg,23.107389,113.267616
a1/92/9763950846.jpg,50.088322,14.428327
33/0a/3458834424.jpg,37.795009,-122.393661
1c/77/4503337031.jpg,51.507887,-0.120849
d0/b4/6083826497.jpg,44.078393,-87.71317
eb/77/8496264444.jpg,52.379319,4.898614
6c/85/920810504.jpg,48.396157,7.589932
dc/10/6074371050.jpg,-33.879657,151.202545
f1/bd/8359369647.jpg,37.750641,-122.418231
50/3c/3813692009.jpg,48.801929,2.131119
6c/03/7372245944.jpg,45.516932,-122.685699
d6/f0/6062349250.jpg,1.598561,124.767219
d3/a6/9448972594.jpg,48.640177,-123.177673
f5/74/7930550118.jpg,39.913941,116.404169
bd/df/5414179895.jpg,33.590885,130.407199
da/0a/7073642571.jpg,48.84497,2.37383
42/f6/3287004624.jpg,40.808696,-73.941528
2e/af/1953580496.jpg,34.043289,-118.267393
7e/a0/210761680.jpg,48.228332,16.377353
c3/51/4150463500.jpg,36.738948,-5.248939
d6/69/1795645995.jpg,-23.553832,-46.65268
d7/26/8149179538.jpg,-2.265886,40.902228
e1/c9/10880170514.jpg,22.355493,114.211249
f2/41/60316481.jpg,-31.839357,115.78165
5d/0c/12310873.jpg,41.556709,-8.400571
40/29/1130544830.jpg,43.155758,-5.411324
75/00/7349244778.jpg,51.053986,13.734644
0c/bc/8499364323.jpg,8.749483,98.769602
d2/3d/6436516331.jpg,48.217964,16.392953
12/c2/2461980452.jpg,-32.824211,-69.840087
84/51/292011158.jpg,43.763818,11.251078
d8/96/5442133587.jpg,-8.70525,115.259032
99/9f/4213914450.jpg,49.709943,5.256488
6e/17/4231061954.jpg,48.859152,2.337073
c4/80/3072581168.jpg,40.386488,-79.864125
b4/44/6913105049.jpg,-33.657731,117.099572
34/63/5492484636.jpg,1.352126,103.983294
91/e3/5214475305.jpg,54.559999,-5.930334
12/54/5794402184.jpg,58.590278,16.18786
5b/6a/4521435574.jpg,-19.924181,-43.945891
95/b4/9298042571.jpg,8.204681,-12.066823
f7/56/6038700844.jpg,43.269831,-1.542034
af/cd/3795188958.jpg,42.351376,8.641347
08/42/2625949522.jpg,53.347003,-2.880783
17/0d/5233707464.jpg,35.698187,139.775265
8f/db/8415460672.jpg,30.043768,31.236234
7f/b7/3929313285.jpg,52.513165,13.377785
79/47/5296318149.jpg,43.404065,10.414223
f2/a0/9212550148.jpg,38.916333,-6.346167
56/77/2547329418.jpg,37.795684,-122.392158
c5/51/1030136119.jpg,34.995691,135.769042
ec/99/2817380527.jpg,24.726407,121.130447
93/ff/4984266819.jpg,46.058878,6.776847
6d/9b/8330006253.jpg,42.346085,-83.039008
cf/64/8285506010.jpg,44.825195,9.991756
04/58/5400041063.jpg,32.756022,-117.237548
e7/52/13956700653.jpg,34.991233,135.763719
4c/ae/4147953735.jpg,25.269409,55.30846
61/fc/8949555057.jpg,41.383908,2.17873
42/45/5920113394.jpg,17.061051,-96.725907
71/ec/5132464113.jpg,26.17468,91.744613
03/58/6508718881.jpg,13.731389,100.514168
92/be/3708875399.jpg,48.209231,16.370658
fe/a7/4721995163.jpg,56.041219,-4.546108
9e/bb/5033207076.jpg,35.664833,-82.024
88/44/186343515.jpg,41.442726,27.202148
66/29/8573054543.jpg,36.645696,-121.770272
a4/a6/6951029097.jpg,34.890436,127.504577
fb/66/7476063914.jpg,32.680423,-117.177853
5c/0f/8537264218.jpg,25.044225,121.56054
28/87/6275219244.jpg,52.521666,13.395
da/a8/8141025367.jpg,51.615667,0.301167
8e/66/2359329776.jpg,53.534173,9.911234
c3/69/8607937459.jpg,49.218073,-122.967782
1e/d3/4316183388.jpg,51.992,0.602833
e6/8c/4773323416.jpg,-37.819954,144.983568
cd/c0/3761981673.jpg,-2.896217,-79.005013
5e/67/3464710517.jpg,26.118866,-80.144233
c8/ab/8362289604.jpg,36.50488,-5.002566
d5/86/8108990342.jpg,43.70996,10.399459
b8/fc/6193645438.jpg,40.96334,-81.331787
ae/8f/2873911554.jpg,48.838973,2.294044
f9/2d/3869397334.jpg,20.001741,-75.850244
62/ee/4598275972.jpg,43.662861,-79.396358
ba/82/4928227584.jpg,41.076924,-7.09485
c9/73/7137886303.jpg,43.756627,-87.709157
67/8a/6023398671.jpg,45.399384,-122.738056
ba/8c/2642873331.jpg,38.7115,13.17192
27/e2/3556104391.jpg,45.830204,16.004161
7a/13/2305108427.jpg,42.420419,-3.188545
9b/54/315609612.jpg,35.88905,27.993164
43/66/3923487349.jpg,27.610424,-99.469699
77/dc/11318831474.jpg,29.425763,-98.486498
22/fd/4404334434.jpg,51.50632,-0.12714
33/1f/4502805749.jpg,24.761173,46.691036
f3/dd/7925615264.jpg,41.901119,-87.67723
ca/d3/2680246864.jpg,45.852358,-84.61584
22/f1/3852505878.jpg,24.79141,120.957603
1e/a4/11552982476.jpg,41.68803,-88.10492
2b/2b/5567677636.jpg,41.386428,2.176113
6b/99/2289885141.jpg,47.620451,-122.348856
4d/52/8728462428.jpg,52.497794,13.374461
6b/cf/133152789.jpg,52.32218,9.803409
b7/99/4879193688.jpg,30.38232,-97.687801
45/87/3273274378.jpg,52.373228,-1.259307
2b/7c/8859508224.jpg,24.558052,-81.804714
57/16/1193098453.jpg,42.414585,12.108306
a8/d7/4153512382.jpg,35.040933,-106.522536
0e/9b/11217902413.jpg,51.474666,-0.971
51/a7/2396471457.jpg,49.286535,-123.109745
99/6b/5440357774.jpg,-22.932468,-43.174209
4f/a2/10909367106.jpg,44.992458,22.959636
4a/47/2440604579.jpg,46.197893,9.021492
85/96/5890044052.jpg,24.793284,121.001486
49/ff/4539804495.jpg,54.228714,-4.695968
89/fb/9252224764.jpg,34.174872,132.173975
1e/3f/4176010810.jpg,23.135427,-82.358901
c8/f2/5571608697.jpg,51.543986,7.111201
51/a8/2216698145.jpg,43.319089,-1.968741
76/59/3199271596.jpg,17.064251,-96.727237
d6/10/2136393105.jpg,5.418379,100.341567
fc/6d/9720322090.jpg,42.278023,-70.866301
11/19/2379830374.jpg,24.706915,46.708374
41/08/5289813347.jpg,47.2735,-2.357167
b6/b2/254836700.jpg,38.684341,-77.25808
ea/48/12663985474.jpg,49.874113,8.656744
2d/e7/1454351783.jpg,43.794703,11.314802
5a/66/4791556122.jpg,53.538898,9.925718
38/e4/3278700394.jpg,-33.87538,151.21111
48/56/2079023236.jpg,30.263181,-97.686889
39/9f/5233680090.jpg,43.472166,6.2465
0c/b1/3761666848.jpg,52.373697,4.903533
32/90/2527962963.jpg,54.007617,-2.818508
d8/74/2475750733.jpg,-15.594935,-56.091696
2a/83/5089622936.jpg,41.906732,12.452745
ce/ea/4815731867.jpg,35.152266,-120.661232
e0/d6/13010124305.jpg,38.896544,-77.187692
4f/a7/8212148797.jpg,-13.233888,-72.414193
12/cb/480918834.jpg,47.74886,-90.335136
8e/4a/10907112065.jpg,50.483565,-5.035364
4e/70/8311284521.jpg,39.591568,-78.104982
6c/3b/7337650636.jpg,40.044661,-105.065084
4f/29/5046312891.jpg,39.994284,4.255142
51/f2/3742804578.jpg,39.714536,-104.9924
44/d2/1324239645.jpg,-6.325023,39.547691
c2/db/3707883598.jpg,64.074066,-141.046403
56/50/266401316.jpg,-1.94189,30.05619
a9/c5/9250513633.jpg,29.550579,-81.260093
22/3d/1381702981.jpg,54.626101,-3.158187
b5/ce/2939589025.jpg,28.600545,-81.199854
4c/2a/2875306694.jpg,1.289529,103.852096
94/ac/5876746406.jpg,33.567839,-112.496759
32/df/9641000198.jpg,52.659725,-3.144836
24/9e/5557539423.jpg,33.464833,126.520333
28/49/13037596694.jpg,57.680723,11.956332
1c/39/3928711922.jpg,40.852294,14.261305
29/16/7916537874.jpg,32.759833,-117.068167
55/9c/8699985973.jpg,35.698024,139.771547
9c/06/11248864765.jpg,35.659671,139.684638
aa/58/3400512879.jpg,52.523408,13.404436
dc/5f/6296224454.jpg,52.378156,4.899662
ef/ed/522875945.jpg,-23.245131,-45.282211
8c/ce/8006248995.jpg,42.063388,13.339909
78/0e/9512866509.jpg,39.961439,-3.983336
e3/09/2413017084.jpg,38.896141,-77.029731
ea/c5/3010768346.jpg,35.697856,139.742199
7a/90/7042144925.jpg,55.664642,37.484149
f9/08/3640396353.jpg,51.931988,-2.416305
de/5b/6075928149.jpg,47.118153,-2.101135
b0/14/279493799.jpg,43.092177,-79.069247
81/12/10452890046.jpg,43.758833,6.151333
9a/55/5871575586.jpg,40.690726,-73.974938
79/22/1590333159.jpg,47.59911,-122.33177
3d/f7/4215156799.jpg,52.181666,5.916333
e1/6a/5313324784.jpg,54.41848,-2.961437
63/e5/8223524451.jpg,35.689613,139.691612
65/c6/3390066871.jpg,50.813893,-1.508281
a9/29/8463201574.jpg,28.063243,-82.416516
75/04/3469406997.jpg,49.225539,-123.001733
3b/55/197125289.jpg,30.980479,78.930416
9a/69/9573637716.jpg,43.188333,-88.714667
72/cf/9429404997.jpg,37.761894,-122.271695
5c/9c/9116990405.jpg,43.127674,-89.404335
e1/03/2647057951.jpg,55.928258,-3.167302
f6/02/4770067043.jpg,32.53453,-117.036859
d9/2e/2292226378.jpg,8.642377,-70.222034
ca/32/406565464.jpg,39.581877,-120.626449
a5/6c/8728917173.jpg,37.718975,-8.790714
99/60/49404888.jpg,60.172198,24.934952
ae/1e/5257352030.jpg,40.377715,-3.65717
fd/01/260380662.jpg,40.518627,21.681175
63/87/12909412783.jpg,41.093444,-73.452995
81/89/526870907.jpg,32.706982,-117.156668
43/3a/10380843966.jpg,-22.270239,166.442113
54/42/7476380476.jpg,38.913147,-76.98575
d1/ee/2083669302.jpg,34.754518,32.415246
cd/f5/4454903246.jpg,12.096395,102.280311
c0/5b/197022435.jpg,49.43844,0.271224
83/2b/7472492830.jpg,53.347861,-6.240534
b9/62/8537910509.jpg,-34.931623,138.593944
9c/4c/5425393791.jpg,37.883656,-4.774605
39/7c/10784649043.jpg,55.763869,37.680369
c0/68/2332955615.jpg,-33.988918,151.105957
42/ae/4982934777.jpg,47.662439,-122.2996
4a/f0/3694534001.jpg,33.685253,-117.988632
fe/05/2839329455.jpg,48.742946,44.536342
f0/41/731043633.jpg,44.980387,-93.255906
a9/7e/3483179948.jpg,56.429519,-3.444385
fc/38/6608097063.jpg,43.638715,-79.414544
e7/fd/6418615687.jpg,-31.959667,115.852666
7b/8b/54244614.jpg,33.461538,-84.389076
67/c9/732050213.jpg,33.80849,-95.52373
e3/20/8344688653.jpg,13.745596,100.532047
c8/9b/3797604256.jpg,47.633225,-121.334962
54/c3/1181832808.jpg,55.946051,-3.190541
16/36/4604488810.jpg,51.514191,-0.088469
d1/b1/5769729815.jpg,39.651859,-78.760444
4d/94/2871256376.jpg,41.403627,2.189315
3f/72/3089715306.jpg,52.363619,4.938719
dc/68/144825704.jpg,36.147379,-115.155569
cb/51/2129044368.jpg,22.611475,88.403205
09/9b/5970598942.jpg,-6.964596,110.368652
7c/e3/2688550938.jpg,-37.881221,147.966356
26/a9/199089217.jpg,52.27488,-7.154846
80/6c/6016441328.jpg,41.866349,-87.610731
b1/56/2045883393.jpg,53.805935,-1.549115
23/97/2839530850.jpg,55.949968,-3.165092
05/5d/865346105.jpg,48.857374,8.659286
87/05/5250984926.jpg,48.860423,2.335281
60/dd/4409409402.jpg,49.983092,20.055964
d1/dc/4077679073.jpg,13.432366,103.771362
89/7e/7949454108.jpg,29.507707,106.580235
1b/b9/1000614734.jpg,-13.523178,-71.984138
13/bd/4312187765.jpg,42.738899,12.0973
2e/6b/8283353697.jpg,51.516131,-0.120688
e4/5f/6274321951.jpg,38.889813,-77.040274
e2/b0/2716234506.jpg,34.076301,-118.261266
b7/c0/4847945482.jpg,32.124166,-80.787166
5f/71/15645839.jpg,44.373134,-92.030582
1c/c1/8152205195.jpg,37.258594,-121.857575
7c/3b/3835941374.jpg,-25.28766,152.838256
d9/9a/8692566933.jpg,-34.602014,-58.367584
30/22/1277269930.jpg,13.197164,-61.30371
cb/66/241256979.jpg,51.501059,-0.125913
93/a6/8687695049.jpg,48.132327,11.631002
4b/61/2164879104.jpg,30.126124,30.981445
7d/31/2657387061.jpg,52.4286,13.164871
0e/a9/4086677653.jpg,42.636958,8.937034
68/52/227096477.jpg,36.769692,-5.180053
55/55/9387010855.jpg,37.566898,-122.325762
cf/03/13525081335.jpg,40.437641,-79.997817
7e/d2/1395133604.jpg,37.564174,126.952514
dc/8d/7705752406.jpg,41.617247,2.658562
7e/a9/4894358740.jpg,22.212589,-159.409057
57/d5/6290486665.jpg,33.840333,-118.331833
b9/7a/160950360.jpg,43.649056,-79.371671
a4/fd/5118406662.jpg,48.206871,16.364264
db/27/6793353965.jpg,34.176074,-112.329003
42/a1/2406510468.jpg,36.828248,-3.97087
88/a8/6425468641.jpg,49.432607,0.274143
ee/b7/2218272058.jpg,13.723543,100.525331
f1/cb/4643151660.jpg,50.089901,-122.928802
79/2d/4465826446.jpg,45.828799,15.88623
73/89/3058722948.jpg,-40.721241,175.132369
bc/f7/3406674461.jpg,53.575085,-113.560577
1f/d2/12530068803.jpg,43.087946,-79.067573
3b/5a/3326048785.jpg,14.049972,-87.233151
2a/0a/2957940274.jpg,42.830282,0.167713
e3/e4/265365590.jpg,37.852665,15.291295
c3/e9/2697409908.jpg,39.445721,-0.331553
ea/cf/11927425473.jpg,45.256819,6.414419
24/07/262437776.jpg,41.750664,-77.521762
be/7b/4403919103.jpg,37.336252,-121.879711
28/2a/5428314696.jpg,45.42207,-75.692625
b7/13/4300053745.jpg,25.257116,55.36148
df/2e/3925860348.jpg,51.023136,13.690563
ea/d6/11197008635.jpg,12.82787,104.738159
48/9a/8283430253.jpg,47.161159,19.504959
a1/84/5114836179.jpg,8.96492,-79.536621
79/ec/1357746078.jpg,43.079107,-79.081875
95/d2/10570769523.jpg,46.558506,15.65261
b6/d4/5425260495.jpg,46.494699,13.53301
60/14/2540318458.jpg,44.47492,-87.940557
2d/c1/8021983219.jpg,39.945328,116.411304
dc/9b/289882878.jpg,64.156697,-21.842021
83/20/4934919823.jpg,53.553592,-113.48422
02/a5/9622153335.jpg,50.882333,-1.400667
ad/d9/10362688254.jpg,25.034855,121.567808
de/ca/5192502670.jpg,40.758017,-73.979463
b1/3a/2254550500.jpg,27.342494,88.610229
9b/91/5427570074.jpg,49.411308,-123.091678
c9/49/9695920755.jpg,-27.459034,153.035978
b1/4b/3110129037.jpg,52.501659,13.34091
57/e6/6686119087.jpg,52.376949,4.917366
8d/f9/161506425.jpg,48.406713,-71.247174
d0/05/3825916715.jpg,35.651475,139.778769
81/55/5682336647.jpg,36.734395,137.651195
ea/2c/9557554743.jpg,33.56788,-117.708812
07/86/6450118777.jpg,33.916166,-84.26
f1/19/7491191410.jpg,42.965137,-85.887937
df/b3/2512859532.jpg,42.078478,-71.639726
e9/d3/2076956240.jpg,41.915818,12.490768
ef/ba/2541900399.jpg,52.376057,-0.712308
cb/3c/5518872207.jpg,53.082237,8.892863
21/f8/4207815951.jpg,47.584358,-3.08222
32/25/9349277243.jpg,50.722231,-121.280916
b7/54/139018112.jpg,53.813625,-1.549758
3a/5a/200644721.jpg,41.918628,12.43103
e8/11/12828809143.jpg,35.464211,133.063247
06/1a/311695106.jpg,27.735655,-15.598697
d2/0d/6715072123.jpg,54.611333,-2.896667
2e/05/9169649656.jpg,37.738563,-122.46952
57/12/5789875870.jpg,65.818404,21.712286
6c/ed/240535914.jpg,45.446312,12.347431
32/55/9816774866.jpg,44.133938,4.811894
0b/08/9784257456.jpg,10.774583,106.700863
b6/33/8857895417.jpg,43.6415,-79.389167
75/3a/102870225.jpg,54.991575,-129.958391
fc/a1/5395291420.jpg,54.651459,-2.536499
66/e2/8148117930.jpg,33.984683,-118.466134
a5/1c/4740856390.jpg,30.257593,-81.482827
02/84/4016017658.jpg,49.7475,13.377666
e0/6a/7185375115.jpg,37.593355,-118.851127
da/da/253670295.jpg,53.872589,10.684719
d2/d8/2684533040.jpg,39.941429,-74.070639
5b/65/5147788951.jpg,37.291057,127.193527
d7/77/7603839486.jpg,51.509169,-0.127029
be/28/3546744226.jpg,21.104559,-86.762616
f9/16/4205457076.jpg,32.752499,-117.057167
7b/ae/5818482329.jpg,43.831988,17.007608
69/3c/2492434603.jpg,35.791361,-78.712062
c1/58/2507000461.jpg,24.57265,120.830898
4b/bd/5197175909.jpg,20.662652,-156.041661
22/8b/8148653566.jpg,40.470833,-79.920667
1f/5e/5013364620.jpg,-33.021618,-71.600303
3b/fb/4981877715.jpg,42.650058,11.98574
b8/ea/7174367585.jpg,32.790458,-79.926245
7f/d6/12857747073.jpg,39.894559,116.386763
f4/a9/5161202877.jpg,44.220476,-74.439014
b9/15/2779606294.jpg,43.547117,12.978973
ff/b4/6257491999.jpg,40.722965,-73.989057
bb/67/211467554.jpg,32.680061,-117.177997
91/89/4260278912.jpg,37.290623,-121.848357
9f/65/5073158655.jpg,38.864128,-77.136045
4f/85/5653945748.jpg,58.753221,17.009282
e8/67/8131247762.jpg,37.989166,12.5075
5d/2d/7093083869.jpg,41.657699,-70.813064
97/c2/9560482805.jpg,10.763793,106.68295
46/27/8888159053.jpg,51.603145,0.130119
59/97/14000211316.jpg,48.852955,2.350602
5b/1c/9696571193.jpg,52.869803,6.847486
41/24/8275536696.jpg,34.027423,-118.48564
50/42/3842202904.jpg,37.816683,-0.786037
42/f1/6208126276.jpg,40.746265,-73.995015
60/bb/5737228071.jpg,58.081813,7.307506
e4/a9/8078377690.jpg,33.7605,-84.3805
74/8b/5873963296.jpg,50.946801,-1.645674
84/22/5470151243.jpg,43.782001,11.2242
e8/ac/8294599171.jpg,38.959646,-92.466227
19/aa/5600852489.jpg,52.20855,0.114927
67/32/8167081259.jpg,32.513977,-93.744201
c1/87/3382194061.jpg,43.682666,-79.587334
b9/6a/6178937834.jpg,39.939685,-74.845132
47/9c/421443509.jpg,48.878348,2.369356
b9/40/629196792.jpg,52.388382,4.53907
cb/f7/2520891456.jpg,35.084657,137.170658
96/e9/2487128739.jpg,52.435135,5.75057
6f/67/4029056570.jpg,48.880253,2.355022
52/23/569241681.jpg,54.848856,-1.564779
25/58/3898091402.jpg,41.239027,-96.030414
da/73/8683483134.jpg,38.613651,-0.031585
70/3c/3577835921.jpg,53.353164,-6.331386
ad/54/3763241514.jpg,50.760362,0.283144
37/4f/5490674948.jpg,22.3525,120.384667
27/92/2475793820.jpg,43.887392,8.044776
b2/71/3257858248.jpg,48.309773,14.284565
59/56/8970968876.jpg,45.499098,-73.579902
99/67/8985749959.jpg,41.900967,12.48329
e1/6e/8899127138.jpg,26.913666,100.216166
65/b1/4356334054.jpg,34.684013,135.842499
da/4f/7809859114.jpg,55.680633,12.587413
63/1c/3931255889.jpg,60.161862,24.945402
16/14/78121752.jpg,47.481712,13.188743
f4/b1/3736387420.jpg,35.513076,-78.333055
88/54/2664295791.jpg,49.112927,-125.884952
48/f7/4471020391.jpg,37.861445,-122.298066
6a/1b/3263432105.jpg,50.641936,5.568888
c0/fb/5740277667.jpg,40.759521,-111.888229
21/3f/7246465954.jpg,41.790355,-87.601048
3c/43/4476248327.jpg,45.825659,8.828759
6d/22/7080027129.jpg,50.43267,-3.558
c7/8a/1118629691.jpg,43.074397,-89.381284
3c/7f/2241688688.jpg,38.410839,-122.840457
0c/84/4732359975.jpg,34.28044,-119.298467
d7/c0/8697650134.jpg,35.961438,-83.922146
8f/cb/229473940.jpg,48.866436,2.318458
51/0b/427145534.jpg,48.86272,2.29677
88/6c/148172305.jpg,42.069047,-93.658447
ca/e9/171589306.jpg,34.128786,-118.111953
d4/19/10764693804.jpg,26.217766,127.718022
0d/85/153752450.jpg,42.402164,21.332702
3c/51/2488156920.jpg,40.665665,-73.971655
88/8f/266299684.jpg,5.418635,100.341396
e3/19/7244306416.jpg,53.029116,-1.485954
4d/52/1335073106.jpg,40.42315,-3.703057
d3/a2/8671742108.jpg,24.447825,120.79025
2d/80/332898992.jpg,18.9276,72.831083
d2/f1/9514426396.jpg,43.660546,-79.398611
b2/c9/7229498400.jpg,49.134609,-123.197937
cc/8b/2168842911.jpg,38.709926,-9.134005
0d/d0/478978577.jpg,50.917969,14.236811
0f/e8/7660562238.jpg,60.153755,24.955819
98/d4/6608421901.jpg,40.750166,-73.979334
60/22/247126872.jpg,40.756522,-73.84778
59/75/4380223643.jpg,43.09748,-75.206565
9c/d5/3792910356.jpg,53.949295,14.002075
a5/8d/5393554355.jpg,34.057,-118.419333
9e/71/4011856569.jpg,36.093804,-79.886149
96/54/2375834566.jpg,45.516767,-73.534283
5d/62/3626000093.jpg,34.192833,-118.176167
79/49/2476847882.jpg,52.428208,-1.459701
26/46/205234998.jpg,33.799691,-84.385986
99/b0/8439754224.jpg,49.201916,-113.318064
89/9d/3959781344.jpg,59.094028,18.305626
6f/ba/203618010.jpg,28.642389,77.167968
a6/03/2942755918.jpg,49.216195,-2.227993
ce/d3/1490408186.jpg,41.371663,-71.498454
2c/68/2742347600.jpg,59.877059,10.817199
db/18/349045339.jpg,53.741198,-2.010498
5f/10/3510539299.jpg,41.227216,9.177703
fe/23/1412657525.jpg,21.922393,120.853897
ab/4e/4125405119.jpg,51.521999,-0.165683
be/b0/6774403141.jpg,35.448135,-120.905343
de/a7/8523385617.jpg,3.0095,101.533833
e3/5a/2668485047.jpg,56.17461,-3.910446
e8/61/8298949393.jpg,25.033287,121.568326
0c/b7/5659838404.jpg,33.190845,-101.374411
e1/e9/8592341466.jpg,37.564782,126.981713
ab/3b/6856514025.jpg,29.342289,48.053364
7f/ac/7829771.jpg,40.72678,-73.995462
bf/6d/2781206969.jpg,40.746281,13.907146
fa/70/7908582766.jpg,44.889201,7.052536
da/4e/3013235162.jpg,41.89211,-87.5988
54/e3/5244041486.jpg,37.174816,-3.592057
2a/bb/4488804607.jpg,35.651036,126.552672
b8/1e/11362965254.jpg,40.044076,-76.273355
87/80/42711630.jpg,51.176975,13.448982
34/42/8478443791.jpg,37.506764,15.094377
99/db/3233396635.jpg,24.928941,-80.591712
8a/3e/2487569278.jpg,37.783689,-122.405548
ea/61/2126161083.jpg,-41.103451,175.093595
8e/37/161205868.jpg,43.666381,-79.387722
6f/c9/8615421941.jpg,12.973213,77.606133
de/4c/1039024120.jpg,51.518337,-0.074415
98/12/5751337039.jpg,52.272684,4.54732
74/cd/8749190860.jpg,43.625265,20.90063
42/bc/3463250457.jpg,41.632821,-87.087072
90/cb/3589352786.jpg,59.471779,24.80597
af/ee/8633044436.jpg,51.540102,-0.045275
2a/c6/9144565914.jpg,51.966058,4.94668
79/f6/5326564178.jpg,22.279024,114.182345
24/c9/12527906594.jpg,35.27288,-120.670063
46/16/6857643593.jpg,-22.9895,-43.1915
24/4c/6864813394.jpg,43.549,-79.9395
32/75/6340905393.jpg,35.514701,-97.662577
01/11/6107070837.jpg,42.09539,-4.128119
a1/ed/2270823372.jpg,39.496764,-106.063385
07/12/2281326969.jpg,44.385464,12.197055
1e/20/8638504287.jpg,35.039555,135.728647
9e/2f/8500701971.jpg,31.932333,-81.052665
2f/57/12486086264.jpg,50.842214,4.359372
87/aa/3676997708.jpg,53.512,-113.52
ee/cd/8376748553.jpg,1.333688,103.855648
74/9f/11562607305.jpg,43.120532,5.801124
6b/1a/5424806415.jpg,55.591393,12.987256
01/d3/6164345369.jpg,-33.033995,-71.351394
47/d3/5333390755.jpg,-34.998503,-69.290771
68/83/6216365455.jpg,60.171944,24.9475
4d/f5/557772633.jpg,47.395734,-122.327093
14/d8/4077522463.jpg,41.00824,28.973736
02/69/6657227157.jpg,52.374653,4.883923
5d/8f/8985274355.jpg,40.191987,44.510593
13/1a/10166449093.jpg,51.513616,-0.105314
8f/fd/1286688949.jpg,61.819852,34.319915
24/50/7963006282.jpg,50.47556,-3.522577
dd/51/3726535895.jpg,34.436166,135.247833
f3/51/9395226551.jpg,41.902236,12.455761
f3/27/6037632552.jpg,-22.905683,-43.226131
0e/e1/12051531145.jpg,52.165798,4.483011
f8/9a/5883157062.jpg,10.3055,-85.8375
ad/f0/8475244561.jpg,46.535339,9.87283
94/ac/6038917850.jpg,51.462082,-3.639392
5f/86/6990857032.jpg,38.790341,-77.076027
48/2a/1469166970.jpg,-3.724593,-38.489967
e1/fc/274692945.jpg,51.50171,-0.141212
38/ea/6165109096.jpg,-34.578033,-58.434219
9b/ab/9453955684.jpg,39.945604,-75.179757
07/33/2566725815.jpg,35.022537,135.792646
81/42/21673837.jpg,43.634087,-79.400403
b8/cc/8748382760.jpg,42.517563,-94.17002
60/ff/2512696613.jpg,-12.122998,-77.033214
87/1e/13914542544.jpg,55.843866,8.293477
ac/33/8292593247.jpg,32.678928,-85.379318
7b/05/393180707.jpg,-21.012727,55.393066
d5/e7/6041336481.jpg,50.781737,6.100802
50/04/8105046638.jpg,40.718333,-73.968667
34/b6/938063908.jpg,32.709377,-117.165168
7f/aa/13319033084.jpg,41.436827,-81.7672
aa/11/10129164885.jpg,48.238798,-69.532319
4e/de/5868570972.jpg,37.608384,-112.15938
86/bd/7085155779.jpg,43.531698,3.932207
ce/5d/4282929572.jpg,52.973893,6.109868
b9/c6/4825563278.jpg,20.022367,-155.669317
44/d9/2634663684.jpg,36.209377,37.162971
30/42/5646143589.jpg,50.70858,6.043939
d2/4b/2735206694.jpg,53.552559,9.941897
fd/db/5168572878.jpg,40.921652,-74.160032
ef/82/354008656.jpg,54.594879,-5.935067
2e/b3/8310241322.jpg,48.997902,2.532348
ac/29/7648275754.jpg,-20.16506,57.759933
63/d8/5957912476.jpg,-33.866947,151.202454
19/86/4114988156.jpg,43.472013,13.555498
43/8b/9666360271.jpg,22.286666,114.160666
8e/5a/5848802781.jpg,65.616305,-16.902267
a7/96/7149413331.jpg,29.961534,-90.041021
24/5c/4217412560.jpg,39.841817,-105.092282
11/2c/1382991068.jpg,55.244977,-6.368808
fa/15/4956422551.jpg,28.4808,-16.318302
bf/9a/5936057023.jpg,-33.000601,151.399154
7c/37/555298632.jpg,45.505256,-73.552951
c3/13/2111595557.jpg,12.617808,-70.053462
35/2a/4650710939.jpg,40.76,-73.976
69/cd/1205643335.jpg,38.672644,1.556625
50/87/2064267456.jpg,48.862837,2.296636
7d/00/526719403.jpg,62.24102,25.746653
d5/d5/4731482952.jpg,32.19232,-96.096382
c9/78/8423933258.jpg,43.260487,-2.929787
e4/17/11490972634.jpg,40.836483,-74.197967
9e/27/4697841522.jpg,50.761083,-1.866989
9c/73/5642521156.jpg,-22.986833,-43.200167
5f/c4/2551680859.jpg,44.764896,-85.611991
da/52/4023213542.jpg,51.085423,0.098576
6d/bf/196393405.jpg,33.932393,8.117523
5e/0f/195202428.jpg,22.382301,114.271545
87/75/4530996727.jpg,28.133069,-16.532459
26/d4/9486857322.jpg,48.334799,-70.880699
53/67/7781828494.jpg,54.921283,37.406902
67/22/5219275192.jpg,55.138118,-7.445297
4c/0b/2487775114.jpg,29.305561,117.333984
da/29/5715283423.jpg,43.085835,-79.077655
25/bd/101000322.jpg,53.228414,-4.133176
dc/0b/4495032021.jpg,42.347666,-71.084167
30/0d/8474398053.jpg,39.015666,-77.422667
b0/14/6271968096.jpg,35.660166,139.773833
1a/d7/458665668.jpg,1.304856,103.855819
0d/16/4515349827.jpg,55.918544,-4.54055
ad/6a/761842818.jpg,40.717598,-73.999099
33/de/3706444351.jpg,47.520562,11.080055
3d/03/239618270.jpg,61.490224,21.79284
cc/84/5290113152.jpg,53.257742,-2.122592
ba/b9/3793869472.jpg,47.60208,-122.33402
3e/32/2241593402.jpg,42.559687,-8.992631
36/66/2106146112.jpg,40.756977,-73.98615
d2/52/4835661912.jpg,47.609088,-122.341056
25/dc/6158482028.jpg,53.735525,-2.972016
46/2a/2446713815.jpg,43.386009,10.917792
65/c7/6846539398.jpg,-26.204329,28.059618
79/67/10864211903.jpg,42.366217,-71.066265
53/ff/10514925315.jpg,25.17428,121.504722
c5/9a/2358647679.jpg,37.269698,-76.716338
4e/9d/3186940643.jpg,53.533701,-2.10431
c3/e3/7195810484.jpg,18.233299,109.483299
9e/28/9453629764.jpg,35.317926,25.18135
f0/cc/5795971665.jpg,35.641464,139.698166
82/29/4358561052.jpg,40.73964,-74.055597
6c/0d/6814272631.jpg,40.745558,-73.999128
ef/08/1368504698.jpg,51.449346,-2.608796
ef/ac/2187478396.jpg,-13.009523,-38.526096
63/03/4845400534.jpg,55.392144,10.384011
a9/bd/8897226001.jpg,-18.805324,-69.035682
9b/77/3581671282.jpg,48.846678,2.336472
1a/fe/8594637158.jpg,37.731641,-122.501428
2c/ee/3084366316.jpg,17.065154,-96.718826
12/6d/8482390510.jpg,58.667655,17.103652
22/9e/5722446652.jpg,55.220006,-6.529696
03/1c/7681574210.jpg,22.424834,113.636398
53/34/48318245.jpg,55.952659,-3.222427
b5/ff/1464174229.jpg,47.459259,-123.862094
03/35/3135498357.jpg,39.786246,2.804431
0d/53/1015770642.jpg,48.908059,2.24121
35/26/3747327377.jpg,46.360197,-98.29811
fe/3c/2913097438.jpg,37.95956,-121.937758
21/7d/5358247270.jpg,40.500873,-74.423317
61/90/352481679.jpg,42.299186,-83.660877
56/da/3377676133.jpg,45.5225,-122.637167
e0/ec/4318879554.jpg,46.482166,-80.9575
16/f8/3413959626.jpg,35.077897,-106.661453
3e/a4/2485239774.jpg,40.762075,-73.804591
4e/3c/715646117.jpg,36.112431,-115.172123
0b/a3/4542955718.jpg,37.808953,-122.260526
c0/3b/6330736888.jpg,40.415338,-3.698465
02/85/4451806619.jpg,3.045725,101.574815
31/89/4229511121.jpg,35.810922,-78.700432
a4/6e/12350066884.jpg,52.48687,13.328757
0c/14/450778056.jpg,36.242058,137.969055
65/10/8710797678.jpg,38.469866,14.954955
e5/ce/4234494080.jpg,44.500415,11.350969
d4/dc/5502890992.jpg,55.684543,12.573434
37/3d/8903979124.jpg,51.055003,3.726259
4c/0f/3900594385.jpg,45.485056,9.20459
78/e5/754739333.jpg,56.653961,43.468093
07/47/7328487562.jpg,32.736293,-97.366367
19/61/3845405922.jpg,55.388008,13.590302
20/b0/10558169374.jpg,43.003666,-87.885
06/ae/8418947481.jpg,22.273211,114.157905
f8/39/3800086952.jpg,44.122337,-70.873558
0a/9e/383664093.jpg,42.54331,1.734058
5b/0b/234002787.jpg,-15.800337,-47.861723
51/b7/9390041310.jpg,-33.849696,151.188494
b0/ac/5276108705.jpg,32.926369,-96.771343
93/a2/5703076384.jpg,51.462356,-0.650237
d3/07/6798195445.jpg,-23.886308,151.232814
57/58/462847816.jpg,1.287916,103.850869
33/f8/3042120204.jpg,25.718183,32.657546
0a/03/4105206575.jpg,53.346452,-1.729745
d3/65/6051682.jpg,37.769404,-122.216876
bf/bc/6787434699.jpg,32.713666,-117.1735
fc/34/4814549192.jpg,42.095985,-71.263244
4d/09/498685886.jpg,51.346858,-2.980384
8f/64/4787517590.jpg,21.270557,-157.823023
24/50/183436407.jpg,22.26368,114.146404
79/f2/5490219423.jpg,23.135824,-82.350034
fc/2d/6713593583.jpg,31.793755,35.146636
52/a2/78652193.jpg,50.733657,-3.626646
35/fb/7663873128.jpg,49.246181,-123.101334
91/0e/5071139037.jpg,29.651229,-82.342872
19/4b/8422311161.jpg,6.644612,124.609517
a3/ea/2639255866.jpg,42.799582,-76.764119
81/3f/4986536145.jpg,45.509517,-73.567703
c3/9b/611591987.jpg,25.030317,121.516342
43/86/5334009770.jpg,36.807305,-121.644149
06/fa/2825793216.jpg,24.594894,-82.09671
10/7a/3856220999.jpg,42.57793,-84.430679
26/06/4164488971.jpg,37.711762,-121.946729
42/0a/6903295825.jpg,51.353588,0.600502
e1/ae/6212447955.jpg,40.023731,-76.33171
87/ad/6041276170.jpg,41.387084,2.168684
cd/37/252420424.jpg,40.919285,-8.059844
ce/f0/8689454929.jpg,53.579665,10.000648
ab/af/6975259373.jpg,33.277333,-111.155667
8b/cc/3332529671.jpg,46.779329,-92.098914
c6/0d/137731651.jpg,39.461709,-8.197302
10/e2/76484176.jpg,25.034827,121.560459
f4/ea/2419595078.jpg,22.694328,121.021995
a8/bf/7249187074.jpg,41.902439,12.45823
7c/14/7517624920.jpg,33.979052,-118.466938
76/00/117825356.jpg,48.098489,-4.200382
d6/0f/9575657535.jpg,48.689997,9.193925
50/1f/9096293173.jpg,49.890957,-97.137916
b1/2b/6901630229.jpg,59.33273,18.050338
54/05/6787245949.jpg,33.590139,-117.869321
e5/00/3899914975.jpg,41.382991,2.169799
49/2b/7327467664.jpg,59.905187,10.685663
d8/a8/308949513.jpg,40.734445,-73.993263
6e/d6/5658655604.jpg,41.865869,-88.20352
1c/33/7860508508.jpg,28.502209,-81.720355
79/08/2512135178.jpg,40.210998,-8.420419
18/72/6926394964.jpg,-32.101117,115.784354
c4/8d/2262587386.jpg,42.27582,-83.701964
85/c2/6166559511.jpg,41.90409,-87.632888
f9/3b/8050709005.jpg,36.606333,-118.064334
82/5e/8086968731.jpg,51.934909,8.8793
d8/52/262678782.jpg,42.373185,-72.503199
e6/fc/3002719784.jpg,38.663095,-83.381488
c7/af/5419044208.jpg,32.812525,-96.802768
58/a8/9697054447.jpg,46.369703,7.754545
a8/91/4494968678.jpg,51.743705,-0.724883
4a/ec/2753879691.jpg,51.556582,-0.175781
81/73/3491277492.jpg,54.410201,8.827364
80/59/5496705260.jpg,49.30593,8.659114
e7/a3/5452743043.jpg,50.825653,9.015805
8f/f1/3031224064.jpg,43.651975,-79.39476
0b/a1/5187764679.jpg,52.479405,-1.906845
55/58/570221651.jpg,49.012576,8.403945
37/1e/3217382310.jpg,19.690209,-98.845755
31/4b/3616886957.jpg,59.337709,18.060235
71/1a/13990643476.jpg,42.240996,-87.841615
0c/a0/2080073595.jpg,-33.414347,-70.594904
b9/d0/2954964781.jpg,36.176567,-115.135084
2d/9c/5013697273.jpg,52.510024,13.369792
4f/02/8678694389.jpg,38.884702,-77.035267
59/44/4832415704.jpg,30.715333,-89.556167
77/91/9711688023.jpg,49.2365,-122.87
a1/7b/8404703095.jpg,-33.018883,-71.638058
55/ac/224163110.jpg,25.306166,51.510772
76/d6/12610661524.jpg,59.402349,17.944758
ec/a6/9359828146.jpg,57.637333,18.293833
b3/fc/2224225397.jpg,41.878947,-87.635943
6e/bb/6844335312.jpg,50.786895,-1.102463
27/cb/5427456976.jpg,37.54963,-77.452197
5d/c6/5100220382.jpg,30.331085,35.769851
32/62/391169590.jpg,35.107551,-79.169197
af/a6/11026515244.jpg,40.729833,-73.993331
17/68/1379293074.jpg,-43.004647,171.123046
31/79/7582007504.jpg,51.566053,0.818374
3c/f6/3920986633.jpg,51.1634,-115.561623
6a/f3/7284036762.jpg,-36.904452,174.663884
c0/c9/10018651805.jpg,-33.87275,151.213019
07/da/3704754920.jpg,51.496988,-0.127029
bc/9f/5738483598.jpg,37.760333,-122.421334
22/18/5795913971.jpg,50.085592,14.483671
9b/8b/1314399524.jpg,40.681419,-119.376583
07/ae/7811724616.jpg,34.068242,-84.521868
a3/69/10910205764.jpg,30.145201,-97.967362
ae/1a/5206801525.jpg,-21.021059,55.564727
a4/ea/7845902918.jpg,37.424,-121.967167
48/af/5628182826.jpg,53.519639,-2.140199
8d/a3/11329908936.jpg,51.502037,-0.102921
57/1e/3241001740.jpg,50.726574,-3.52836
e4/72/5090983207.jpg,-37.81453,144.945373
9d/34/495105081.jpg,47.53424,12.720451
f8/6a/4799378787.jpg,28.350656,-16.369328
67/2d/6081668910.jpg,-16.719275,-49.191627
42/bd/5561265340.jpg,36.516034,-82.256913
3a/c8/3585020023.jpg,-3.130113,-60.024683
db/a6/4892650852.jpg,41.890681,12.492409
ba/2e/1312077730.jpg,48.202939,16.369457
76/3c/3319682733.jpg,51.519044,-0.127673
31/c5/294787042.jpg,-33.632223,151.326745
cc/f6/5129072044.jpg,49.348705,8.689308
55/b9/8382451485.jpg,54.519433,-6.020181
e5/c6/169104284.jpg,39.092286,-84.495772
91/4b/6813967835.jpg,42.368302,-71.0712
bb/6a/352511436.jpg,37.714601,-119.714691
30/c2/2955051042.jpg,40.420272,-3.687977
c7/b1/5548562398.jpg,46.235583,6.117904
a1/9a/6792113470.jpg,-33.919833,18.5385
1f/26/3512385753.jpg,22.339477,114.20494
98/2a/7586701302.jpg,43.713053,11.428184
19/73/3210576658.jpg,46.791598,-121.7807
42/48/3763147652.jpg,37.3355,-121.893334
3e/d0/4760332257.jpg,22.289036,114.219467
9b/15/3183139693.jpg,7.211177,80.593299
b5/4f/10319515623.jpg,39.9973,-83.006981
82/66/5025786661.jpg,40.062603,-105.367593
ba/0e/3730511958.jpg,51.683093,-1.772232
cd/4b/4733800034.jpg,28.736628,-88.365997
77/c4/2542761887.jpg,41.26613,1.973848
53/6d/3548858482.jpg,40.356302,18.167427
ac/54/5462104386.jpg,45.438382,-75.67798
8a/8e/5219318148.jpg,37.778211,-122.422757
72/35/7738189094.jpg,42.344418,-3.700722
78/06/6350006086.jpg,31.011453,103.599357
b0/2f/121748815.jpg,33.780052,-84.403308
3a/dc/5572535884.jpg,50.784152,-0.664973
20/17/3272594070.jpg,49.349646,8.141341
25/a7/3225220606.jpg,39.132989,117.203178
00/a9/9257212700.jpg,41.901254,12.461242
0c/11/1406780611.jpg,48.56983,87.43655
87/95/8638382625.jpg,26.092237,-98.279163
0c/06/9002047488.jpg,48.501649,-64.17346
b5/56/8701891086.jpg,52.375965,4.89722
62/4c/5157204941.jpg,39.902814,3.079068
72/f7/5191216455.jpg,35.72366,51.366577
dd/01/8562518531.jpg,53.344498,-6.259857
d5/fd/432941990.jpg,45.518857,-122.678489
ee/0a/2598434686.jpg,64.154976,-21.934976
d8/21/4358218666.jpg,1.262638,103.827323
07/59/7932546508.jpg,35.703328,139.579803
6c/42/6137163972.jpg,38.978827,-74.939276
d2/60/5253222521.jpg,25.026111,121.557222
e6/5f/2760600006.jpg,59.023136,11.037069
5b/65/7164746068.jpg,39.950394,-75.203862
47/6d/3901154698.jpg,47.164041,3.875598
d4/23/8267614109.jpg,41.954166,-87.681001
ed/84/153823893.jpg,40.466017,-3.616991
8b/02/8363399753.jpg,45.138538,7.048409
9f/c6/5662141405.jpg,43.61203,1.482768
d9/9d/438326919.jpg,51.539555,-0.153851
6f/c8/4798285651.jpg,37.181176,-3.59372
fb/59/3482317817.jpg,52.372258,4.885236
9f/c8/222947884.jpg,22.318636,114.175071
16/9a/5384536900.jpg,-34.541242,-58.458809
81/34/8299985855.jpg,34.097686,-118.338462
de/e4/5766277474.jpg,-35.109657,173.649902
76/85/71282468.jpg,51.509316,-0.132275
d7/64/4994994928.jpg,36.429828,22.483155
94/07/10446592633.jpg,42.163424,9.610791
7c/ea/5537250364.jpg,51.969313,-1.927678
fa/c7/6815426251.jpg,49.263212,-123.116197
13/cc/4387514930.jpg,47.799607,-3.741016
e4/9b/1247332907.jpg,44.893397,-0.156168
07/a0/6531062009.jpg,45.476277,9.207723
59/d2/5830104906.jpg,48.850349,2.382767
6c/cb/3849586695.jpg,-44.660533,169.122676
74/84/6241569445.jpg,37.973965,23.735597
40/ae/9188854495.jpg,51.641725,-0.801765
11/d3/9192763596.jpg,40.697681,-73.992066
a7/c7/8121033079.jpg,43.040381,-87.910929
c4/a7/8089062690.jpg,38.8845,-94.819003
59/c0/6789927508.jpg,48.858079,2.312836
44/b1/3867139502.jpg,1.37258,103.893646
a8/6e/4395703090.jpg,37.891856,-122.290019
83/f0/2997395774.jpg,43.066787,12.621188
73/5d/5160416711.jpg,13.919321,100.542712
05/0a/5338554437.jpg,68.419731,27.42436
6d/08/8300211922.jpg,32.075551,34.768429
30/99/181868181.jpg,40.827758,-73.927581
f2/56/2426390963.jpg,36.683391,-79.870176
5f/7a/7662967534.jpg,51.560277,-0.279167
2c/92/4732817433.jpg,38.985224,1.296247
1e/d3/3309721519.jpg,27.904803,-15.569343
86/2d/2751112690.jpg,51.484316,-0.141513
34/6b/200008544.jpg,-32.487755,-58.235092
22/c0/6029491650.jpg,48.859851,2.336418
54/e1/9061053105.jpg,60.82629,14.992259
1c/84/8494378100.jpg,37.794524,-122.411323
bc/fc/223429126.jpg,37.827039,-122.423636
b2/12/187873571.jpg,37.776651,-122.387738
8e/ca/4019441124.jpg,36.624345,-4.567909
49/87/12194464586.jpg,53.216594,5.734347
97/93/2664993569.jpg,31.303635,120.612716
9e/37/8256814672.jpg,-35.171247,138.465843
84/ec/5466424869.jpg,-33.855001,151.209666
75/09/7503947588.jpg,34.051166,-118.249334
fa/2d/11232588555.jpg,-35.307153,149.12528
f3/b9/5249709365.jpg,40.729808,-73.989192
08/1c/9562185743.jpg,-0.471287,-76.4591
a6/41/3779832970.jpg,43.475625,-73.641529
8e/a5/415085092.jpg,41.85716,-87.662272
2b/6c/3235014845.jpg,39.988793,-105.24674
41/49/9442244863.jpg,37.761333,140.225833
03/e2/107945489.jpg,34.962497,33.668975
36/58/2671557673.jpg,42.130821,-2.655086
b8/02/4801487297.jpg,51.142309,-2.594661
24/d0/8031790847.jpg,12.30512,76.644607
94/5b/9308100183.jpg,36.152166,-86.778
7f/ae/5053624020.jpg,47.649818,-90.667503
8a/a3/3086151066.jpg,53.29251,-6.166999
7d/ba/4711517017.jpg,38.660831,-121.387786
dd/9f/52727666.jpg,31.77692,35.229978
a7/97/8420092237.jpg,27.158142,-80.184702
9d/6d/499389056.jpg,-34.915918,138.612442
4f/c7/8120773019.jpg,-27.958452,153.425316
a8/fd/1768627.jpg,39.670141,-105.148295
72/39/258911013.jpg,60.186529,24.927399
f6/4a/2057307177.jpg,45.523547,-122.65789
06/7c/4189055001.jpg,-24.794604,152.441139
61/26/8442791387.jpg,41.771,-92.726834
ec/12/9936982425.jpg,37.776119,-122.451234
47/f3/4381801650.jpg,36.287732,-97.039661
55/3a/6959040043.jpg,49.857374,18.178811
de/0f/8473442453.jpg,64.314306,-20.301103
d7/77/5686795437.jpg,28.620673,77.382159
bc/5f/6245450250.jpg,42.088477,-88.042888
51/d6/3213557268.jpg,38.889671,-77.02285
15/bf/4675405399.jpg,10.609403,104.181547
80/44/4710235594.jpg,41.152648,20.170009
a8/a7/6149561205.jpg,35.1171,129.039916
7b/3c/7255940076.jpg,35.170379,136.937271
5c/04/8525415346.jpg,-21.224167,-50.433167
22/63/8241638845.jpg,34.86597,-111.763809
7b/1b/5238974787.jpg,50.84718,4.353836
2f/ef/3284049390.jpg,35.173176,-76.826963
89/fa/6931219398.jpg,33.80563,-84.238492
6a/9f/5739734990.jpg,45.65046,13.765826
59/68/6805841180.jpg,37.554767,127.047185
32/9b/5352828767.jpg,45.433876,12.334556
8c/1d/6524965201.jpg,12.9558,77.620979
ba/b1/623239141.jpg,4.438237,-75.235404
04/87/4546340796.jpg,40.370089,17.655372
ae/3a/3687230671.jpg,37.758666,-122.414667
66/06/3500669304.jpg,-2.910896,-79.01041
a7/01/2145678177.jpg,52.447816,-1.567134
4c/31/2789318869.jpg,53.477409,-2.240138
64/b9/3674741436.jpg,55.333538,-160.50167
a9/fe/2462963500.jpg,42.704905,-78.755066
ff/82/518322398.jpg,41.98447,-87.667961
df/84/280348297.jpg,39.951725,-75.212417
89/af/2639250018.jpg,51.501049,-0.131835
4f/52/8292849162.jpg,-33.480708,-70.72998
f1/f2/2059088963.jpg,-22.692586,-47.658691
e3/06/4411980978.jpg,47.363391,8.53466
fa/9d/2665720662.jpg,50.934064,0.955553
f6/c9/6979130767.jpg,40.629791,-3.164149
69/42/2835668929.jpg,43.808827,-79.306912
ea/cf/2050284560.jpg,46.810164,22.579822
8b/6b/7204885206.jpg,38.489623,-121.804776
a2/63/2035865594.jpg,25.893202,76.36219
3b/17/9386701378.jpg,28.813921,-81.266191
e2/de/7862749018.jpg,-33.859276,151.208502
97/79/413398089.jpg,44.381416,0.524125
48/22/3805077153.jpg,34.41064,-119.852626
78/4e/9320169415.jpg,54.260514,48.534535
e0/70/9251441071.jpg,37.751148,-122.432089
94/bf/9767210133.jpg,42.228444,-88.527934
28/a7/7809905284.jpg,37.766915,-122.468612
94/e4/9425353159.jpg,-16.496665,-151.740417
ab/e6/8569195973.jpg,43.782788,4.681586
2e/34/418817813.jpg,40.62962,-8.657848
65/84/1355689957.jpg,45.058971,9.697494
11/17/2147718465.jpg,26.299083,73.019222
1f/8c/2155199942.jpg,43.594596,1.450753
54/95/7983235257.jpg,41.38155,2.180753
a0/91/337689070.jpg,47.66926,-122.262125
8e/74/5372525502.jpg,-34.436489,172.689376
60/0a/5610796170.jpg,39.163648,-86.533459
e5/e9/3391102600.jpg,51.328895,3.812599
69/bb/6593321765.jpg,28.099089,-16.754922
42/79/2137463257.jpg,43.833277,4.365414
cd/36/6095704601.jpg,53.07718,-4.079773
83/cc/2416200993.jpg,22.185413,120.860862
21/a4/10234112966.jpg,37.757678,-122.419109
32/05/5924194860.jpg,17.056702,-96.758308
fc/74/12439497203.jpg,55.986295,8.13706
b1/4b/1258157803.jpg,43.266331,-4.630479
7b/26/447633467.jpg,42.33044,-83.044152
ff/b5/4106109731.jpg,47.209161,8.704905
8a/0c/5324768345.jpg,47.103082,11.266908
79/23/5073132329.jpg,-33.900667,151.232833
15/98/5805066761.jpg,49.125219,-123.195791
c7/fe/5811704178.jpg,51.715569,9.17721
c4/d7/4547320879.jpg,51.054189,13.735506
ab/11/4144547480.jpg,46.108543,11.145383
fc/f5/297061034.jpg,-25.691656,-54.43674
d4/08/214188560.jpg,38.889667,-123.054025
b9/2a/3181887115.jpg,42.604715,23.404698
ac/31/118336408.jpg,45.922497,7.3526
f8/8d/3140891481.jpg,41.62793,-0.943122
6c/20/6191693066.jpg,36.714256,-4.470169
66/a2/7950737550.jpg,48.147763,11.578216
96/57/4433389347.jpg,51.531914,-0.473366
2b/22/7394293604.jpg,24.580221,73.69749
9b/03/5218938823.jpg,48.879773,2.36795
30/09/5591294324.jpg,6.939718,79.860992
d8/22/5074255192.jpg,40.123339,-87.739348
71/53/6754767611.jpg,41.248495,-80.482985
6d/6b/4244799940.jpg,42.232449,12.522826
b4/b2/6405386799.jpg,48.399288,8.017959
cf/96/3262063111.jpg,-36.842073,174.758598
e3/70/3347876580.jpg,37.227001,-76.783981
f2/c3/3513576770.jpg,56.021499,12.750166
33/cd/3436157017.jpg,37.55956,-122.513866
e9/bc/253969236.jpg,37.243824,13.611738
5b/a6/9223238016.jpg,51.418833,-116.222167
31/bc/4628260015.jpg,-33.873261,151.21288
36/9a/2484662993.jpg,40.665942,-89.684937
b4/34/3936213147.jpg,46.563729,11.413593
6b/e6/52431285.jpg,57.697978,11.965141
e7/65/5792732649.jpg,37.178372,-3.613128
1e/18/9613556137.jpg,50.306075,2.759789
03/a9/8421166908.jpg,51.532063,4.457
5e/b7/3770148766.jpg,40.434356,-79.968673
1e/0b/8257931973.jpg,-43.52892,172.621623
c5/70/2075092194.jpg,37.620316,-77.470843
d6/52/530192142.jpg,51.781269,-1.295818
b4/34/9188472852.jpg,34.126726,-118.323259
ff/21/8985196546.jpg,37.754921,-122.446618
b2/60/18046334.jpg,49.314226,-123.139443
c5/44/7981510338.jpg,35.456623,139.619557
5f/4d/1939149476.jpg,-34.49882,-58.694736
35/bc/470461102.jpg,48.290817,11.632332
d1/f9/6698445833.jpg,47.01359,-91.665115
fc/ad/2350913990.jpg,50.374426,9.979534
9b/26/6106210351.jpg,37.214087,-7.402768
46/4d/3169941250.jpg,37.000984,-86.430553
62/63/8375252091.jpg,48.766401,-122.51657
b5/ef/9616131377.jpg,-3.263769,-60.634982
19/73/5339369396.jpg,38.653224,-121.269018
63/e1/3940346532.jpg,46.723927,-60.349081
38/4a/5646978564.jpg,25.048922,121.522146
3d/8d/5581326883.jpg,54.408665,-0.521292
c0/f1/8075981228.jpg,49.123585,-123.183887
0a/9d/9466605144.jpg,43.213089,-81.96629
85/59/3760450295.jpg,42.107125,-86.485683
6e/67/6671839729.jpg,23.832038,120.779088
7e/45/2965859939.jpg,40.630271,-3.898773
0f/11/8153302476.jpg,52.879516,7.074422
73/6f/305177060.jpg,38.881879,-77.071259
b4/13/5972819132.jpg,44.624564,-63.941631
5e/90/2407267650.jpg,37.343114,-121.637127
8c/62/5512904603.jpg,-1.789939,-78.095787
04/8c/5868207713.jpg,35.305153,-106.464214
cc/65/314680945.jpg,19.680737,-98.851375
9e/37/5804424050.jpg,42.518675,-72.621002
b6/87/13544359194.jpg,48.805452,9.205234
4d/cc/8461005431.jpg,51.542666,-0.148833
d4/67/5016118929.jpg,48.161906,-69.658384
48/1e/5273613840.jpg,47.489542,-2.821752
13/83/5055223051.jpg,42.977494,-1.504569
42/26/8196950649.jpg,51.517326,-0.138922
79/8f/487922993.jpg,49.373431,-123.098888
bc/fa/2091245316.jpg,40.491348,-3.577766
11/57/4723816825.jpg,52.074461,5.124263
98/d6/6213415719.jpg,52.528506,13.371995
02/82/2904922316.jpg,47.671774,-2.037105
4d/09/2995801861.jpg,53.578111,9.947047
8d/18/6319696261.jpg,28.688554,-17.945823
3e/cf/2612332952.jpg,40.651818,-73.949203
7a/0d/268671508.jpg,47.473707,-2.490978
4d/7e/5456421006.jpg,32.978941,-96.764509
6a/57/12211832345.jpg,-36.832894,149.921804
ee/c1/10749613165.jpg,48.142814,11.57773
58/7d/4578920764.jpg,57.637131,18.283824
9d/54/6721433237.jpg,55.59654,37.893787
97/3b/442636866.jpg,21.398497,-158.007345
f9/ad/10166137655.jpg,27.591461,-81.483834
d2/1e/13904494102.jpg,-38.685089,176.069013
81/ce/2703917656.jpg,41.301627,1.959041
f1/7e/6678088897.jpg,50.850715,4.349727
75/4d/1801020088.jpg,51.590122,-2.356781
75/69/8561965576.jpg,25.221481,55.352468
93/59/13043809424.jpg,-33.047469,-71.501355
39/ec/4914633249.jpg,-15.798277,-47.88316
bf/2a/8711180942.jpg,46.951111,7.439289
40/3e/3385043287.jpg,39.703488,-76.534881
80/a4/489767181.jpg,45.0488,7.486624
3a/5d/404330859.jpg,40.711922,-74.012017
a7/ad/1577940934.jpg,12.002635,-61.760158
65/c8/66585641.jpg,47.632081,-122.315758
09/d7/4908860782.jpg,36.749111,-118.971306
63/bc/2707102228.jpg,40.455574,-109.519786
71/40/2530023214.jpg,41.292866,-82.218697
c1/53/2627418702.jpg,47.990352,-123.528642
29/2b/5044660618.jpg,51.938591,4.388761
b2/00/6642775101.jpg,39.933696,9.709682
c0/7d/5370636837.jpg,55.951266,-3.18832
e6/72/2441520440.jpg,26.435993,50.106239
cc/04/244800355.jpg,52.927532,1.300506
03/c0/7832386380.jpg,44.518112,19.181957
e5/7d/5053532698.jpg,37.783908,-122.456809
50/6a/8288388610.jpg,40.477,-105.0453
44/79/466554256.jpg,56.15757,-3.32714
e7/23/391747047.jpg,36.4,136.883333
4f/2e/8017550941.jpg,29.96,-90.071667
6a/1c/6377190459.jpg,51.543833,-0.2815
b6/6a/2398584763.jpg,51.498551,-0.125098
79/06/8102233877.jpg,48.890793,2.21456
0b/c9/4032937682.jpg,-2.644019,37.235412
a5/de/2446179301.jpg,48.201505,16.390099
ef/78/107996737.jpg,59.916504,10.757331
45/d1/4285359410.jpg,43.307051,-2.385588
71/21/3376455228.jpg,35.887463,-5.309636
9e/0b/2140843077.jpg,43.102392,12.373309
72/24/4974974167.jpg,40.75655,-73.985337
cb/0c/8719809187.jpg,34.278952,132.325391
eb/2b/221436861.jpg,36.748169,-3.877315
78/c1/6501602319.jpg,50.950215,0.734184
1a/87/4151743981.jpg,33.977386,-118.461311
df/f5/5067369807.jpg,-34.611454,-58.373024
25/17/5398190273.jpg,12.639668,53.403167
0b/47/5633764282.jpg,35.625262,-79.753475
89/98/447603108.jpg,17.221724,-89.63067
5c/04/121283055.jpg,50.004077,14.40741
ff/e9/518587229.jpg,50.331819,-4.516754
3d/1c/8395791645.jpg,43.566834,-6.075696
af/e5/6392817583.jpg,41.854099,-87.627113
08/76/8814176852.jpg,48.778181,2.511405
a1/27/212395215.jpg,53.195615,12.952945
8e/98/4608600617.jpg,39.53519,-104.91925
11/53/10926240074.jpg,37.534454,-77.443303
b5/74/4347078526.jpg,60.611416,15.623631
b2/8f/7649759746.jpg,52.324009,13.134638
c3/ba/4827553264.jpg,46.946832,7.459647
84/40/5437569167.jpg,39.284437,-76.62387
b5/f9/5153515167.jpg,5.1159,73.072483
6a/bf/535613556.jpg,-33.31561,115.63282
b1/f8/5277547056.jpg,43.27283,-78.197593
d2/dd/5661990127.jpg,42.799431,-2.13169
b5/c7/1165048461.jpg,45.382145,-75.695543
25/a4/8394433796.jpg,47.530908,-123.075499
a5/76/59005551.jpg,32.820533,-117.13758
25/ab/8647010223.jpg,43.089889,1.87467
41/bb/4211929862.jpg,49.709943,5.256488
d8/68/442828574.jpg,40.739681,-73.952579
4a/b5/9273027318.jpg,51.898522,0.748561
b1/5b/4481002214.jpg,-43.006,147.9429
f7/08/5966506834.jpg,43.756278,11.310682
84/fa/5189826733.jpg,27.327492,-82.435655
1c/b9/3328395314.jpg,35.788376,-78.646531
f7/54/12300981833.jpg,22.271038,114.150361
98/fc/300104754.jpg,50.96968,7.01826
ec/de/8298463712.jpg,35.33374,139.541046
9e/68/8510054465.jpg,43.827777,4.342517
af/0f/6399673271.jpg,41.149447,24.705162
aa/84/2074365786.jpg,37.929169,14.360847
de/89/238025495.jpg,33.761586,-84.384881
cd/74/4697470355.jpg,1.182405,-76.895713
6d/1d/142280601.jpg,45.478083,9.122193
3b/c7/7989635390.jpg,54.578896,-5.94282
70/d7/503612077.jpg,49.336392,8.657323
4d/5e/3939016301.jpg,41.906667,-87.6775
34/a4/5397809006.jpg,35.719513,139.777638
83/02/7745179590.jpg,63.88126,-22.454061
a5/03/1016735059.jpg,-16.450738,145.848484
d1/de/6146249064.jpg,-23.552417,-46.681371
44/17/5118296639.jpg,46.260277,-63.149414
85/d5/860263313.jpg,52.216153,5.944333
94/8e/5462294726.jpg,51.620184,13.698202
e7/1a/9470935677.jpg,41.707266,44.774655
60/34/5050483834.jpg,33.392921,-111.927696
f7/ec/3153521676.jpg,26.357112,92.676544
8a/95/4752739188.jpg,47.617041,-122.316702
06/17/78910378.jpg,28.246026,-16.842299
1f/e0/3148585029.jpg,33.213708,-97.129912
82/df/1298736306.jpg,13.197164,-61.30371
ad/61/3566069348.jpg,40.805964,-124.168553
da/56/3707376212.jpg,40.717257,-74.285902
62/07/483903219.jpg,44.844915,34.956951
f1/65/5623989542.jpg,-43.693768,172.631486
1f/45/3787344424.jpg,37.534845,-122.244443
d6/08/9276703883.jpg,40.624752,-73.262746
0e/6d/2767421960.jpg,28.370262,-81.517372
4b/e9/3864454076.jpg,40.416992,-3.684132
e9/21/2289199605.jpg,40.773737,-73.959944
f2/7c/5771770994.jpg,41.798951,-85.421414
ed/36/2361418896.jpg,60.115599,8.4381
41/25/1429520369.jpg,28.523638,-80.681555
60/d7/179270245.jpg,37.767882,-122.511827
a6/cc/2866147264.jpg,40.756054,-73.986951
e8/9a/545475581.jpg,-23.526001,-46.901836
d4/a9/487128263.jpg,61.872358,9.103567
48/ee/4475951011.jpg,35.638766,139.67238
84/c2/4083381268.jpg,14.554202,120.986943
2d/dc/1556480023.jpg,44.500729,11.344242
94/d4/6244380436.jpg,38.895834,-77.031562
16/91/7801992016.jpg,36.796844,21.957464
5e/7f/3854361751.jpg,48.579219,-123.183174
76/3c/8730495634.jpg,40.759903,-73.980345
2d/56/6833201621.jpg,52.14656,-106.670303
f7/a6/5181924538.jpg,40.461101,-3.61644
4f/36/4992608265.jpg,4.606118,-74.112107
df/6e/4943222886.jpg,35.998771,-96.108222
10/e3/12033133943.jpg,25.314662,51.441164
83/5c/355552112.jpg,5.226349,-60.736541
db/75/8390324039.jpg,-12.97694,-38.514617
